EvenementID;GebruikerID;Aanwezigheidsstatus
E001;G123;Bijgewoond
E001;G296;Bijgewoond
E001;G032;Geregistreerd
E001;G217;Bijgewoond
E001;G162;Geregistreerd
E001;G304;Bijgewoond
E001;G046;Geregistreerd
E001;G063;Geregistreerd
E001;G283;Bijgewoond
E001;G084;Bijgewoond
E001;G195;Afwezig
E001;G019;Geregistreerd
E001;G153;Bijgewoond
E001;G220;Afwezig
E001;G137;Bijgewoond
E001;G128;Afwezig
E001;G262;Geregistreerd
E001;G045;Bijgewoond
E001;G230;Bijgewoond
E001;G061;Geregistreerd
E001;G035;Geregistreerd
E001;G167;Bijgewoond
E001;G009;Geregistreerd
E001;G227;Bijgewoond
E001;G246;Bijgewoond
E001;G155;Afwezig
E001;G320;Geregistreerd
E001;G094;Bijgewoond
E001;G194;Geregistreerd
E001;G040;Bijgewoond
E001;G172;Geregistreerd
E001;G248;Geregistreerd
E001;G186;Geregistreerd
E001;G163;Afwezig
E001;G258;Afwezig
E001;G146;Bijgewoond
E001;G296;Geregistreerd
E001;G107;Afwezig
E001;G248;Afwezig
E001;G131;Afwezig
E001;G140;Afwezig
E001;G235;Afwezig
E001;G201;Geregistreerd
E001;G080;Bijgewoond
E001;G157;Bijgewoond
E001;G237;Afwezig
E001;G225;Afwezig
E001;G214;Geregistreerd
E001;G257;Geregistreerd
E001;G317;Geregistreerd
E001;G119;Geregistreerd
E001;G172;Bijgewoond
E001;G059;Afwezig
E001;G157;Bijgewoond
E001;G294;Geregistreerd
E001;G093;Afwezig
E001;G226;Geregistreerd
E001;G087;Afwezig
E001;G276;Geregistreerd
E001;G163;Bijgewoond
E001;G019;Bijgewoond
E001;G005;Geregistreerd
E001;G002;Bijgewoond
E001;G107;Bijgewoond
E001;G201;Bijgewoond
E001;G111;Bijgewoond
E001;G210;Geregistreerd
E001;G278;Afwezig
E001;G052;Bijgewoond
E001;G171;Geregistreerd
E001;G251;Afwezig
E001;G040;Geregistreerd
E001;G066;Geregistreerd
E001;G192;Bijgewoond
E001;G100;Bijgewoond
E001;G190;Geregistreerd
E001;G094;Bijgewoond
E001;G103;Bijgewoond
E001;G012;Geregistreerd
E001;G084;Geregistreerd
E001;G236;Geregistreerd
E001;G047;Geregistreerd
E001;G202;Geregistreerd
E001;G178;Geregistreerd
E001;G265;Geregistreerd
E001;G025;Bijgewoond
E001;G156;Geregistreerd
E001;G316;Afwezig
E002;G197;Bijgewoond
E002;G257;Geregistreerd
E002;G210;Bijgewoond
E002;G176;Geregistreerd
E002;G299;Bijgewoond
E002;G055;Geregistreerd
E002;G077;Geregistreerd
E002;G294;Geregistreerd
E002;G251;Afwezig
E002;G093;Geregistreerd
E002;G072;Bijgewoond
E002;G134;Afwezig
E002;G141;Bijgewoond
E002;G291;Bijgewoond
E002;G096;Afwezig
E002;G275;Bijgewoond
E002;G316;Afwezig
E002;G290;Geregistreerd
E002;G210;Bijgewoond
E002;G219;Bijgewoond
E002;G197;Bijgewoond
E002;G246;Bijgewoond
E002;G093;Bijgewoond
E002;G057;Geregistreerd
E002;G109;Afwezig
E002;G017;Afwezig
E002;G236;Afwezig
E002;G021;Bijgewoond
E002;G210;Bijgewoond
E002;G110;Bijgewoond
E002;G215;Afwezig
E002;G275;Afwezig
E002;G196;Afwezig
E002;G054;Afwezig
E002;G101;Geregistreerd
E002;G006;Geregistreerd
E002;G184;Afwezig
E002;G012;Afwezig
E002;G108;Geregistreerd
E002;G165;Geregistreerd
E002;G146;Bijgewoond
E002;G064;Afwezig
E002;G192;Bijgewoond
E002;G072;Geregistreerd
E002;G195;Geregistreerd
E002;G300;Bijgewoond
E002;G063;Bijgewoond
E002;G057;Bijgewoond
E002;G142;Afwezig
E002;G019;Bijgewoond
E002;G142;Bijgewoond
E002;G258;Afwezig
E002;G270;Afwezig
E002;G151;Geregistreerd
E002;G008;Bijgewoond
E002;G224;Geregistreerd
E002;G262;Geregistreerd
E002;G253;Afwezig
E002;G257;Bijgewoond
E002;G116;Geregistreerd
E002;G243;Afwezig
E002;G277;Bijgewoond
E002;G012;Afwezig
E002;G313;Afwezig
E002;G057;Geregistreerd
E002;G246;Afwezig
E002;G029;Bijgewoond
E002;G040;Bijgewoond
E002;G221;Geregistreerd
E002;G228;Afwezig
E002;G237;Geregistreerd
E002;G295;Geregistreerd
E002;G134;Afwezig
E002;G062;Geregistreerd
E002;G241;Bijgewoond
E002;G066;Geregistreerd
E002;G061;Afwezig
E002;G304;Bijgewoond
E002;G221;Bijgewoond
E002;G295;Bijgewoond
E002;G052;Geregistreerd
E002;G249;Geregistreerd
E002;G020;Bijgewoond
E002;G211;Geregistreerd
E002;G057;Bijgewoond
E002;G171;Geregistreerd
E002;G033;Bijgewoond
E002;G166;Geregistreerd
E002;G267;Bijgewoond
E002;G269;Bijgewoond
E002;G166;Afwezig
E002;G085;Afwezig
E002;G198;Afwezig
E002;G252;Afwezig
E002;G161;Afwezig
E002;G002;Bijgewoond
E002;G173;Afwezig
E002;G120;Bijgewoond
E002;G121;Geregistreerd
E002;G224;Afwezig
E002;G160;Afwezig
E002;G239;Bijgewoond
E002;G058;Afwezig
E002;G269;Afwezig
E002;G010;Geregistreerd
E003;G131;Afwezig
E003;G176;Bijgewoond
E003;G272;Afwezig
E003;G002;Geregistreerd
E003;G167;Afwezig
E003;G205;Bijgewoond
E003;G224;Afwezig
E003;G164;Geregistreerd
E003;G258;Afwezig
E003;G012;Geregistreerd
E003;G251;Bijgewoond
E003;G248;Afwezig
E003;G045;Geregistreerd
E003;G024;Geregistreerd
E003;G073;Afwezig
E003;G303;Geregistreerd
E003;G217;Bijgewoond
E003;G200;Geregistreerd
E003;G068;Afwezig
E003;G097;Bijgewoond
E003;G021;Bijgewoond
E003;G301;Bijgewoond
E003;G024;Geregistreerd
E003;G189;Afwezig
E003;G030;Geregistreerd
E003;G292;Afwezig
E003;G074;Afwezig
E003;G011;Bijgewoond
E003;G068;Afwezig
E003;G044;Geregistreerd
E003;G084;Afwezig
E003;G058;Bijgewoond
E003;G078;Afwezig
E003;G035;Afwezig
E003;G043;Bijgewoond
E003;G105;Afwezig
E003;G241;Geregistreerd
E003;G245;Afwezig
E003;G161;Geregistreerd
E003;G085;Afwezig
E003;G159;Geregistreerd
E003;G196;Afwezig
E003;G056;Afwezig
E003;G249;Afwezig
E003;G141;Afwezig
E003;G220;Bijgewoond
E003;G057;Geregistreerd
E003;G063;Afwezig
E003;G040;Bijgewoond
E003;G254;Afwezig
E003;G232;Bijgewoond
E003;G146;Afwezig
E003;G010;Geregistreerd
E003;G053;Geregistreerd
E003;G071;Bijgewoond
E003;G128;Bijgewoond
E003;G273;Bijgewoond
E003;G076;Geregistreerd
E003;G076;Bijgewoond
E003;G211;Bijgewoond
E003;G298;Bijgewoond
E003;G029;Geregistreerd
E003;G004;Geregistreerd
E003;G310;Geregistreerd
E003;G076;Geregistreerd
E003;G207;Bijgewoond
E003;G016;Geregistreerd
E003;G045;Bijgewoond
E003;G038;Geregistreerd
E003;G161;Bijgewoond
E003;G106;Geregistreerd
E003;G028;Bijgewoond
E003;G175;Afwezig
E003;G293;Afwezig
E003;G077;Bijgewoond
E003;G194;Bijgewoond
E003;G151;Afwezig
E003;G126;Afwezig
E003;G217;Geregistreerd
E003;G261;Afwezig
E003;G065;Bijgewoond
E003;G154;Geregistreerd
E003;G028;Afwezig
E003;G053;Bijgewoond
E003;G196;Geregistreerd
E003;G138;Geregistreerd
E003;G088;Bijgewoond
E003;G103;Afwezig
E003;G053;Afwezig
E003;G040;Afwezig
E003;G286;Geregistreerd
E003;G279;Afwezig
E003;G259;Bijgewoond
E003;G088;Geregistreerd
E003;G112;Afwezig
E003;G244;Geregistreerd
E003;G096;Bijgewoond
E003;G291;Bijgewoond
E003;G177;Afwezig
E003;G186;Bijgewoond
E003;G156;Afwezig
E003;G243;Bijgewoond
E003;G024;Bijgewoond
E003;G114;Afwezig
E004;G219;Bijgewoond
E004;G220;Afwezig
E004;G066;Afwezig
E004;G046;Bijgewoond
E004;G308;Geregistreerd
E004;G018;Geregistreerd
E004;G254;Geregistreerd
E004;G235;Geregistreerd
E004;G095;Afwezig
E004;G075;Bijgewoond
E004;G051;Bijgewoond
E004;G194;Afwezig
E004;G264;Afwezig
E004;G004;Afwezig
E004;G169;Geregistreerd
E004;G079;Bijgewoond
E004;G068;Afwezig
E004;G075;Afwezig
E004;G172;Geregistreerd
E004;G050;Bijgewoond
E004;G204;Geregistreerd
E004;G133;Bijgewoond
E004;G138;Bijgewoond
E004;G223;Afwezig
E004;G007;Geregistreerd
E004;G125;Afwezig
E004;G255;Bijgewoond
E004;G298;Bijgewoond
E004;G186;Geregistreerd
E004;G081;Geregistreerd
E004;G173;Bijgewoond
E004;G050;Bijgewoond
E004;G258;Geregistreerd
E004;G185;Bijgewoond
E004;G082;Geregistreerd
E004;G176;Afwezig
E004;G075;Bijgewoond
E004;G238;Afwezig
E004;G146;Bijgewoond
E004;G124;Geregistreerd
E004;G145;Bijgewoond
E004;G288;Geregistreerd
E004;G041;Geregistreerd
E004;G063;Bijgewoond
E004;G276;Geregistreerd
E004;G198;Bijgewoond
E004;G061;Afwezig
E004;G116;Geregistreerd
E004;G005;Geregistreerd
E004;G049;Bijgewoond
E004;G090;Geregistreerd
E004;G157;Geregistreerd
E004;G161;Bijgewoond
E004;G258;Geregistreerd
E004;G254;Afwezig
E004;G080;Afwezig
E004;G006;Bijgewoond
E004;G018;Bijgewoond
E004;G227;Afwezig
E004;G134;Bijgewoond
E004;G042;Geregistreerd
E004;G030;Bijgewoond
E004;G283;Bijgewoond
E004;G111;Afwezig
E004;G219;Geregistreerd
E004;G112;Geregistreerd
E004;G313;Afwezig
E004;G121;Bijgewoond
E004;G271;Geregistreerd
E004;G254;Geregistreerd
E004;G261;Bijgewoond
E004;G304;Afwezig
E004;G119;Geregistreerd
E004;G166;Bijgewoond
E004;G100;Bijgewoond
E004;G032;Bijgewoond
E004;G249;Geregistreerd
E004;G203;Bijgewoond
E004;G270;Geregistreerd
E004;G081;Bijgewoond
E004;G155;Afwezig
E004;G064;Geregistreerd
E004;G206;Geregistreerd
E004;G009;Afwezig
E004;G288;Afwezig
E004;G304;Bijgewoond
E004;G305;Afwezig
E004;G046;Afwezig
E004;G028;Geregistreerd
E004;G203;Geregistreerd
E004;G001;Bijgewoond
E004;G295;Geregistreerd
E004;G004;Geregistreerd
E004;G251;Afwezig
E004;G141;Afwezig
E005;G109;Afwezig
E005;G183;Bijgewoond
E005;G179;Bijgewoond
E005;G037;Afwezig
E005;G228;Afwezig
E005;G064;Bijgewoond
E005;G034;Afwezig
E005;G137;Geregistreerd
E005;G045;Geregistreerd
E005;G284;Afwezig
E005;G208;Afwezig
E005;G087;Afwezig
E005;G094;Bijgewoond
E005;G249;Geregistreerd
E005;G269;Geregistreerd
E005;G224;Afwezig
E005;G082;Geregistreerd
E005;G258;Afwezig
E005;G024;Bijgewoond
E005;G167;Afwezig
E005;G043;Geregistreerd
E005;G310;Bijgewoond
E005;G270;Afwezig
E005;G174;Afwezig
E005;G023;Bijgewoond
E005;G073;Afwezig
E005;G115;Bijgewoond
E005;G072;Geregistreerd
E005;G298;Afwezig
E005;G024;Afwezig
E005;G083;Bijgewoond
E005;G320;Bijgewoond
E005;G159;Bijgewoond
E005;G152;Bijgewoond
E005;G206;Bijgewoond
E005;G187;Afwezig
E005;G052;Afwezig
E005;G008;Bijgewoond
E005;G048;Bijgewoond
E005;G074;Geregistreerd
E005;G254;Bijgewoond
E005;G061;Afwezig
E005;G222;Bijgewoond
E005;G018;Geregistreerd
E005;G034;Afwezig
E005;G294;Bijgewoond
E005;G156;Geregistreerd
E005;G031;Bijgewoond
E005;G079;Geregistreerd
E005;G232;Geregistreerd
E005;G028;Geregistreerd
E005;G052;Geregistreerd
E005;G046;Bijgewoond
E005;G071;Afwezig
E005;G012;Afwezig
E005;G318;Geregistreerd
E005;G311;Bijgewoond
E005;G019;Bijgewoond
E005;G180;Geregistreerd
E005;G278;Bijgewoond
E005;G058;Geregistreerd
E005;G295;Geregistreerd
E005;G022;Bijgewoond
E005;G062;Bijgewoond
E005;G241;Bijgewoond
E005;G060;Bijgewoond
E005;G164;Geregistreerd
E005;G169;Afwezig
E005;G195;Bijgewoond
E005;G192;Geregistreerd
E005;G249;Geregistreerd
E005;G018;Bijgewoond
E005;G296;Geregistreerd
E005;G243;Afwezig
E005;G007;Geregistreerd
E005;G085;Afwezig
E005;G146;Geregistreerd
E005;G163;Bijgewoond
E005;G129;Bijgewoond
E005;G207;Bijgewoond
E005;G288;Geregistreerd
E005;G290;Bijgewoond
E005;G042;Bijgewoond
E005;G133;Bijgewoond
E005;G096;Bijgewoond
E005;G289;Geregistreerd
E005;G052;Afwezig
E005;G243;Afwezig
E005;G015;Geregistreerd
E005;G285;Bijgewoond
E005;G312;Bijgewoond
E005;G175;Afwezig
E005;G078;Bijgewoond
E005;G238;Bijgewoond
E005;G021;Bijgewoond
E005;G132;Afwezig
E005;G142;Afwezig
E006;G294;Afwezig
E006;G050;Bijgewoond
E006;G240;Afwezig
E006;G144;Afwezig
E006;G070;Afwezig
E006;G171;Bijgewoond
E006;G005;Geregistreerd
E006;G111;Bijgewoond
E006;G281;Geregistreerd
E006;G227;Geregistreerd
E006;G018;Afwezig
E006;G151;Afwezig
E006;G143;Bijgewoond
E006;G054;Afwezig
E006;G139;Afwezig
E006;G088;Afwezig
E006;G181;Bijgewoond
E006;G157;Afwezig
E006;G083;Geregistreerd
E006;G257;Afwezig
E006;G306;Bijgewoond
E006;G246;Geregistreerd
E006;G027;Afwezig
E006;G027;Geregistreerd
E006;G098;Afwezig
E006;G225;Bijgewoond
E006;G189;Afwezig
E006;G254;Afwezig
E006;G202;Geregistreerd
E006;G077;Geregistreerd
E006;G179;Afwezig
E006;G075;Geregistreerd
E006;G293;Bijgewoond
E006;G186;Bijgewoond
E006;G034;Geregistreerd
E006;G201;Afwezig
E006;G256;Bijgewoond
E006;G049;Geregistreerd
E006;G048;Geregistreerd
E006;G083;Afwezig
E006;G293;Afwezig
E006;G065;Bijgewoond
E006;G111;Geregistreerd
E006;G158;Geregistreerd
E006;G027;Geregistreerd
E006;G215;Bijgewoond
E006;G224;Geregistreerd
E006;G220;Afwezig
E006;G025;Geregistreerd
E006;G303;Geregistreerd
E006;G318;Afwezig
E006;G254;Afwezig
E006;G245;Bijgewoond
E006;G171;Geregistreerd
E006;G113;Afwezig
E006;G022;Afwezig
E006;G149;Geregistreerd
E006;G145;Afwezig
E006;G071;Geregistreerd
E006;G155;Afwezig
E006;G065;Afwezig
E006;G201;Afwezig
E006;G189;Geregistreerd
E006;G072;Afwezig
E006;G184;Bijgewoond
E006;G133;Afwezig
E006;G317;Bijgewoond
E006;G244;Afwezig
E006;G054;Bijgewoond
E006;G225;Afwezig
E006;G299;Bijgewoond
E006;G095;Afwezig
E006;G052;Geregistreerd
E006;G148;Bijgewoond
E006;G176;Geregistreerd
E006;G197;Geregistreerd
E006;G179;Bijgewoond
E006;G173;Geregistreerd
E006;G007;Bijgewoond
E006;G023;Afwezig
E006;G308;Afwezig
E006;G248;Afwezig
E006;G071;Afwezig
E006;G210;Bijgewoond
E006;G086;Geregistreerd
E006;G316;Afwezig
E006;G149;Bijgewoond
E006;G115;Afwezig
E006;G222;Afwezig
E006;G136;Geregistreerd
E006;G195;Bijgewoond
E006;G275;Afwezig
E006;G011;Afwezig
E006;G008;Geregistreerd
E006;G111;Afwezig
E006;G315;Afwezig
E006;G041;Geregistreerd
E006;G074;Afwezig
E006;G023;Geregistreerd
E006;G228;Bijgewoond
E006;G019;Bijgewoond
E006;G125;Geregistreerd
E006;G095;Afwezig
E006;G066;Geregistreerd
E006;G307;Afwezig
E006;G278;Geregistreerd
E006;G090;Geregistreerd
E006;G021;Bijgewoond
E007;G064;Bijgewoond
E007;G009;Afwezig
E007;G150;Bijgewoond
E007;G084;Afwezig
E007;G023;Geregistreerd
E007;G039;Afwezig
E007;G223;Bijgewoond
E007;G194;Bijgewoond
E007;G200;Geregistreerd
E007;G142;Bijgewoond
E007;G267;Afwezig
E007;G271;Geregistreerd
E007;G116;Bijgewoond
E007;G098;Geregistreerd
E007;G243;Bijgewoond
E007;G215;Afwezig
E007;G258;Bijgewoond
E007;G069;Geregistreerd
E007;G060;Geregistreerd
E007;G310;Afwezig
E007;G159;Afwezig
E007;G279;Bijgewoond
E007;G053;Afwezig
E007;G220;Geregistreerd
E007;G247;Afwezig
E007;G009;Bijgewoond
E007;G194;Geregistreerd
E007;G139;Bijgewoond
E007;G083;Afwezig
E007;G266;Bijgewoond
E007;G201;Geregistreerd
E007;G224;Geregistreerd
E007;G306;Geregistreerd
E007;G201;Afwezig
E007;G176;Bijgewoond
E007;G063;Geregistreerd
E007;G079;Bijgewoond
E007;G319;Afwezig
E007;G231;Geregistreerd
E007;G005;Geregistreerd
E007;G120;Afwezig
E007;G039;Afwezig
E007;G224;Geregistreerd
E007;G144;Bijgewoond
E007;G248;Afwezig
E007;G264;Bijgewoond
E007;G243;Geregistreerd
E007;G296;Afwezig
E007;G270;Geregistreerd
E007;G124;Geregistreerd
E007;G149;Bijgewoond
E007;G143;Geregistreerd
E007;G165;Bijgewoond
E007;G069;Bijgewoond
E007;G098;Bijgewoond
E007;G031;Afwezig
E007;G117;Geregistreerd
E007;G188;Bijgewoond
E007;G137;Bijgewoond
E007;G258;Afwezig
E007;G211;Geregistreerd
E007;G284;Afwezig
E007;G297;Bijgewoond
E007;G132;Geregistreerd
E007;G024;Afwezig
E007;G195;Afwezig
E007;G178;Geregistreerd
E007;G047;Afwezig
E007;G275;Geregistreerd
E007;G284;Geregistreerd
E007;G140;Afwezig
E007;G040;Afwezig
E007;G311;Afwezig
E007;G235;Afwezig
E007;G104;Afwezig
E007;G209;Bijgewoond
E007;G289;Afwezig
E007;G227;Bijgewoond
E007;G257;Geregistreerd
E007;G142;Geregistreerd
E007;G108;Geregistreerd
E007;G194;Bijgewoond
E007;G056;Geregistreerd
E007;G159;Geregistreerd
E007;G003;Bijgewoond
E007;G282;Bijgewoond
E007;G168;Geregistreerd
E007;G040;Afwezig
E007;G023;Afwezig
E008;G031;Geregistreerd
E008;G229;Geregistreerd
E008;G064;Bijgewoond
E008;G274;Afwezig
E008;G066;Afwezig
E008;G100;Geregistreerd
E008;G223;Afwezig
E008;G126;Afwezig
E008;G251;Geregistreerd
E008;G295;Afwezig
E008;G128;Geregistreerd
E008;G309;Bijgewoond
E008;G138;Afwezig
E008;G310;Bijgewoond
E008;G190;Bijgewoond
E008;G098;Afwezig
E008;G003;Afwezig
E008;G065;Afwezig
E008;G219;Geregistreerd
E008;G058;Bijgewoond
E008;G039;Geregistreerd
E008;G085;Afwezig
E008;G311;Afwezig
E008;G138;Bijgewoond
E008;G043;Afwezig
E008;G279;Bijgewoond
E008;G198;Bijgewoond
E008;G053;Bijgewoond
E008;G254;Geregistreerd
E008;G274;Bijgewoond
E008;G185;Geregistreerd
E008;G071;Geregistreerd
E008;G147;Afwezig
E008;G052;Bijgewoond
E008;G073;Afwezig
E008;G311;Afwezig
E008;G296;Geregistreerd
E008;G093;Geregistreerd
E008;G075;Geregistreerd
E008;G073;Afwezig
E008;G153;Afwezig
E008;G045;Bijgewoond
E008;G255;Bijgewoond
E008;G233;Afwezig
E008;G166;Geregistreerd
E008;G014;Geregistreerd
E008;G096;Geregistreerd
E008;G043;Afwezig
E008;G093;Afwezig
E008;G052;Geregistreerd
E008;G043;Bijgewoond
E008;G138;Bijgewoond
E008;G247;Bijgewoond
E008;G099;Bijgewoond
E008;G103;Geregistreerd
E008;G272;Afwezig
E008;G164;Bijgewoond
E008;G308;Afwezig
E008;G173;Afwezig
E008;G136;Bijgewoond
E008;G207;Bijgewoond
E008;G178;Afwezig
E008;G148;Afwezig
E008;G088;Geregistreerd
E008;G299;Geregistreerd
E008;G280;Bijgewoond
E008;G297;Afwezig
E008;G288;Afwezig
E008;G222;Afwezig
E008;G028;Geregistreerd
E008;G001;Geregistreerd
E008;G243;Afwezig
E008;G259;Geregistreerd
E008;G103;Geregistreerd
E008;G033;Afwezig
E008;G104;Geregistreerd
E008;G183;Geregistreerd
E008;G308;Afwezig
E008;G257;Bijgewoond
E008;G180;Bijgewoond
E008;G150;Afwezig
E008;G204;Bijgewoond
E008;G270;Afwezig
E008;G249;Bijgewoond
E008;G019;Bijgewoond
E008;G285;Bijgewoond
E008;G142;Bijgewoond
E008;G283;Geregistreerd
E008;G083;Bijgewoond
E008;G312;Bijgewoond
E008;G262;Bijgewoond
E008;G261;Bijgewoond
E008;G077;Bijgewoond
E008;G163;Geregistreerd
E008;G061;Afwezig
E008;G215;Bijgewoond
E008;G056;Bijgewoond
E008;G050;Bijgewoond
E008;G219;Afwezig
E008;G135;Geregistreerd
E008;G255;Afwezig
E008;G223;Afwezig
E008;G279;Bijgewoond
E008;G211;Bijgewoond
E008;G019;Afwezig
E008;G086;Bijgewoond
E008;G268;Afwezig
E008;G269;Geregistreerd
E008;G251;Geregistreerd
E008;G087;Afwezig
E008;G166;Bijgewoond
E008;G316;Geregistreerd
E008;G138;Bijgewoond
E008;G163;Afwezig
E008;G178;Bijgewoond
E008;G310;Geregistreerd
E009;G056;Geregistreerd
E009;G214;Afwezig
E009;G221;Bijgewoond
E009;G096;Afwezig
E009;G250;Geregistreerd
E009;G142;Geregistreerd
E009;G268;Bijgewoond
E009;G310;Afwezig
E009;G124;Bijgewoond
E009;G161;Afwezig
E009;G145;Afwezig
E009;G193;Afwezig
E009;G223;Afwezig
E009;G019;Geregistreerd
E009;G116;Afwezig
E009;G025;Geregistreerd
E009;G258;Bijgewoond
E009;G217;Bijgewoond
E009;G030;Afwezig
E009;G250;Geregistreerd
E009;G154;Geregistreerd
E009;G187;Afwezig
E009;G225;Geregistreerd
E009;G072;Afwezig
E009;G195;Geregistreerd
E009;G114;Geregistreerd
E009;G197;Geregistreerd
E009;G036;Afwezig
E009;G170;Bijgewoond
E009;G147;Afwezig
E009;G092;Bijgewoond
E009;G136;Geregistreerd
E009;G292;Geregistreerd
E009;G154;Bijgewoond
E009;G007;Geregistreerd
E009;G145;Bijgewoond
E009;G044;Bijgewoond
E009;G041;Geregistreerd
E009;G227;Bijgewoond
E009;G030;Afwezig
E009;G103;Afwezig
E009;G208;Afwezig
E009;G086;Bijgewoond
E009;G278;Afwezig
E009;G192;Afwezig
E009;G220;Afwezig
E009;G224;Afwezig
E009;G279;Afwezig
E009;G114;Geregistreerd
E009;G126;Geregistreerd
E009;G134;Bijgewoond
E009;G048;Bijgewoond
E009;G291;Geregistreerd
E009;G019;Bijgewoond
E009;G015;Geregistreerd
E009;G028;Bijgewoond
E009;G088;Afwezig
E009;G170;Bijgewoond
E009;G063;Afwezig
E009;G057;Geregistreerd
E009;G128;Bijgewoond
E009;G153;Geregistreerd
E009;G155;Bijgewoond
E009;G202;Bijgewoond
E009;G139;Geregistreerd
E009;G289;Bijgewoond
E009;G236;Afwezig
E009;G033;Bijgewoond
E009;G061;Bijgewoond
E009;G256;Afwezig
E009;G219;Afwezig
E009;G030;Geregistreerd
E009;G073;Afwezig
E009;G197;Geregistreerd
E009;G141;Afwezig
E009;G020;Afwezig
E009;G056;Geregistreerd
E009;G209;Geregistreerd
E009;G151;Geregistreerd
E009;G210;Geregistreerd
E009;G186;Geregistreerd
E009;G061;Afwezig
E009;G045;Afwezig
E009;G267;Afwezig
E009;G238;Bijgewoond
E009;G059;Bijgewoond
E009;G022;Geregistreerd
E009;G220;Bijgewoond
E009;G126;Afwezig
E009;G255;Geregistreerd
E009;G073;Geregistreerd
E009;G006;Geregistreerd
E009;G035;Afwezig
E009;G047;Geregistreerd
E009;G287;Bijgewoond
E009;G243;Geregistreerd
E009;G054;Afwezig
E009;G143;Bijgewoond
E009;G006;Bijgewoond
E009;G098;Geregistreerd
E009;G234;Afwezig
E009;G173;Bijgewoond
E009;G048;Afwezig
E009;G260;Geregistreerd
E009;G231;Geregistreerd
E009;G026;Afwezig
E009;G222;Afwezig
E010;G158;Geregistreerd
E010;G087;Afwezig
E010;G258;Afwezig
E010;G133;Afwezig
E010;G044;Geregistreerd
E010;G045;Geregistreerd
E010;G060;Bijgewoond
E010;G045;Geregistreerd
E010;G075;Bijgewoond
E010;G159;Bijgewoond
E010;G293;Afwezig
E010;G107;Afwezig
E010;G161;Geregistreerd
E010;G051;Bijgewoond
E010;G191;Afwezig
E010;G064;Geregistreerd
E010;G245;Afwezig
E010;G088;Bijgewoond
E010;G192;Geregistreerd
E010;G203;Bijgewoond
E010;G138;Afwezig
E010;G007;Geregistreerd
E010;G138;Bijgewoond
E010;G165;Bijgewoond
E010;G147;Geregistreerd
E010;G108;Geregistreerd
E010;G139;Bijgewoond
E010;G151;Geregistreerd
E010;G113;Bijgewoond
E010;G005;Geregistreerd
E010;G104;Geregistreerd
E010;G183;Geregistreerd
E010;G002;Afwezig
E010;G253;Bijgewoond
E010;G076;Bijgewoond
E010;G287;Afwezig
E010;G187;Bijgewoond
E010;G046;Geregistreerd
E010;G292;Geregistreerd
E010;G239;Bijgewoond
E010;G059;Bijgewoond
E010;G017;Geregistreerd
E010;G032;Geregistreerd
E010;G139;Geregistreerd
E010;G008;Afwezig
E010;G179;Geregistreerd
E010;G224;Geregistreerd
E010;G212;Bijgewoond
E010;G027;Afwezig
E010;G051;Bijgewoond
E010;G153;Afwezig
E010;G193;Geregistreerd
E010;G291;Afwezig
E010;G161;Afwezig
E010;G053;Afwezig
E010;G109;Afwezig
E010;G204;Geregistreerd
E010;G091;Bijgewoond
E010;G007;Geregistreerd
E010;G009;Afwezig
E010;G129;Bijgewoond
E010;G289;Afwezig
E010;G266;Afwezig
E010;G265;Afwezig
E010;G115;Bijgewoond
E010;G013;Geregistreerd
E010;G302;Afwezig
E010;G263;Bijgewoond
E010;G119;Afwezig
E010;G216;Bijgewoond
E010;G129;Geregistreerd
E010;G295;Afwezig
E010;G205;Geregistreerd
E010;G113;Bijgewoond
E010;G108;Geregistreerd
E010;G197;Geregistreerd
E010;G027;Bijgewoond
E010;G319;Bijgewoond
E010;G084;Afwezig
E010;G009;Bijgewoond
E010;G185;Afwezig
E010;G017;Afwezig
E010;G281;Afwezig
E010;G215;Geregistreerd
E010;G040;Geregistreerd
E010;G210;Afwezig
E010;G245;Bijgewoond
E010;G225;Geregistreerd
E010;G133;Geregistreerd
E010;G204;Afwezig
E010;G119;Geregistreerd
E010;G049;Geregistreerd
E010;G102;Geregistreerd
E010;G243;Afwezig
E010;G032;Bijgewoond
E010;G159;Afwezig
E010;G100;Afwezig
E010;G091;Afwezig
E010;G086;Geregistreerd
E010;G206;Afwezig
E010;G236;Bijgewoond
E010;G317;Geregistreerd
E010;G020;Afwezig
E010;G293;Geregistreerd
E010;G167;Geregistreerd
E010;G148;Afwezig
E011;G048;Afwezig
E011;G231;Afwezig
E011;G220;Afwezig
E011;G267;Afwezig
E011;G244;Geregistreerd
E011;G176;Geregistreerd
E011;G120;Afwezig
E011;G149;Bijgewoond
E011;G171;Afwezig
E011;G285;Geregistreerd
E011;G289;Bijgewoond
E011;G209;Bijgewoond
E011;G235;Bijgewoond
E011;G030;Geregistreerd
E011;G093;Geregistreerd
E011;G141;Afwezig
E011;G095;Afwezig
E011;G007;Geregistreerd
E011;G234;Afwezig
E011;G064;Bijgewoond
E011;G316;Geregistreerd
E011;G185;Bijgewoond
E011;G308;Bijgewoond
E011;G197;Bijgewoond
E011;G069;Afwezig
E011;G017;Geregistreerd
E011;G006;Geregistreerd
E011;G217;Bijgewoond
E011;G159;Bijgewoond
E011;G035;Afwezig
E011;G288;Geregistreerd
E011;G199;Bijgewoond
E011;G048;Geregistreerd
E011;G056;Geregistreerd
E011;G280;Afwezig
E011;G097;Afwezig
E011;G064;Afwezig
E011;G260;Geregistreerd
E011;G163;Geregistreerd
E011;G082;Afwezig
E011;G153;Afwezig
E011;G082;Bijgewoond
E011;G086;Geregistreerd
E011;G146;Geregistreerd
E011;G178;Bijgewoond
E011;G314;Afwezig
E011;G181;Afwezig
E011;G026;Afwezig
E011;G113;Bijgewoond
E011;G058;Geregistreerd
E011;G221;Bijgewoond
E011;G267;Bijgewoond
E011;G251;Bijgewoond
E011;G146;Afwezig
E011;G318;Geregistreerd
E011;G262;Geregistreerd
E011;G103;Geregistreerd
E011;G208;Afwezig
E011;G108;Geregistreerd
E011;G287;Bijgewoond
E011;G160;Geregistreerd
E011;G014;Geregistreerd
E011;G316;Bijgewoond
E011;G048;Geregistreerd
E011;G093;Bijgewoond
E011;G319;Geregistreerd
E011;G105;Bijgewoond
E011;G302;Afwezig
E011;G135;Afwezig
E011;G092;Bijgewoond
E011;G311;Geregistreerd
E011;G303;Geregistreerd
E011;G311;Afwezig
E011;G182;Bijgewoond
E011;G302;Bijgewoond
E011;G119;Geregistreerd
E011;G277;Afwezig
E011;G233;Afwezig
E011;G058;Geregistreerd
E011;G277;Afwezig
E011;G307;Bijgewoond
E011;G237;Bijgewoond
E011;G219;Afwezig
E011;G108;Bijgewoond
E011;G023;Bijgewoond
E011;G045;Geregistreerd
E011;G011;Bijgewoond
E011;G147;Bijgewoond
E011;G134;Bijgewoond
E011;G184;Bijgewoond
E011;G154;Bijgewoond
E011;G021;Geregistreerd
E011;G304;Geregistreerd
E011;G245;Afwezig
E011;G082;Geregistreerd
E011;G256;Bijgewoond
E011;G183;Geregistreerd
E011;G065;Afwezig
E011;G146;Afwezig
E012;G094;Bijgewoond
E012;G033;Geregistreerd
E012;G137;Afwezig
E012;G170;Geregistreerd
E012;G060;Bijgewoond
E012;G223;Afwezig
E012;G058;Bijgewoond
E012;G189;Afwezig
E012;G146;Geregistreerd
E012;G031;Bijgewoond
E012;G250;Afwezig
E012;G092;Afwezig
E012;G246;Bijgewoond
E012;G021;Geregistreerd
E012;G001;Bijgewoond
E012;G270;Geregistreerd
E012;G263;Bijgewoond
E012;G064;Afwezig
E012;G022;Bijgewoond
E012;G211;Bijgewoond
E012;G057;Afwezig
E012;G083;Bijgewoond
E012;G156;Bijgewoond
E012;G180;Afwezig
E012;G025;Geregistreerd
E012;G287;Geregistreerd
E012;G206;Afwezig
E012;G140;Bijgewoond
E012;G088;Bijgewoond
E012;G076;Geregistreerd
E012;G091;Afwezig
E012;G080;Geregistreerd
E012;G087;Bijgewoond
E012;G147;Bijgewoond
E012;G229;Afwezig
E012;G296;Afwezig
E012;G118;Bijgewoond
E012;G243;Afwezig
E012;G126;Bijgewoond
E012;G290;Afwezig
E012;G020;Afwezig
E012;G161;Geregistreerd
E012;G240;Afwezig
E012;G274;Bijgewoond
E012;G163;Bijgewoond
E012;G212;Afwezig
E012;G268;Bijgewoond
E012;G009;Geregistreerd
E012;G192;Bijgewoond
E012;G067;Afwezig
E012;G250;Geregistreerd
E012;G266;Bijgewoond
E012;G111;Bijgewoond
E012;G306;Bijgewoond
E012;G309;Bijgewoond
E012;G295;Geregistreerd
E012;G055;Bijgewoond
E012;G009;Afwezig
E012;G034;Bijgewoond
E012;G220;Bijgewoond
E012;G136;Geregistreerd
E012;G256;Geregistreerd
E012;G084;Afwezig
E012;G160;Geregistreerd
E012;G192;Bijgewoond
E012;G160;Afwezig
E012;G154;Bijgewoond
E012;G222;Bijgewoond
E012;G142;Geregistreerd
E012;G298;Bijgewoond
E012;G223;Bijgewoond
E012;G271;Bijgewoond
E012;G280;Geregistreerd
E012;G175;Afwezig
E012;G122;Afwezig
E012;G145;Geregistreerd
E012;G269;Afwezig
E012;G284;Bijgewoond
E012;G124;Geregistreerd
E012;G231;Afwezig
E012;G004;Geregistreerd
E012;G126;Afwezig
E012;G110;Bijgewoond
E012;G218;Afwezig
E012;G274;Geregistreerd
E012;G218;Afwezig
E012;G215;Afwezig
E012;G152;Bijgewoond
E012;G139;Geregistreerd
E012;G315;Afwezig
E012;G278;Bijgewoond
E012;G243;Afwezig
E012;G102;Geregistreerd
E012;G160;Afwezig
E012;G223;Geregistreerd
E012;G107;Bijgewoond
E012;G047;Afwezig
E012;G216;Geregistreerd
E012;G269;Afwezig
E012;G306;Afwezig
E012;G197;Bijgewoond
E012;G233;Geregistreerd
E012;G190;Bijgewoond
E012;G167;Afwezig
E012;G312;Afwezig
E013;G192;Bijgewoond
E013;G194;Geregistreerd
E013;G173;Bijgewoond
E013;G313;Geregistreerd
E013;G244;Afwezig
E013;G168;Geregistreerd
E013;G195;Geregistreerd
E013;G174;Geregistreerd
E013;G238;Bijgewoond
E013;G141;Bijgewoond
E013;G266;Geregistreerd
E013;G268;Bijgewoond
E013;G043;Bijgewoond
E013;G131;Afwezig
E013;G145;Bijgewoond
E013;G248;Bijgewoond
E013;G004;Geregistreerd
E013;G215;Bijgewoond
E013;G149;Geregistreerd
E013;G122;Afwezig
E013;G095;Geregistreerd
E013;G093;Afwezig
E013;G097;Geregistreerd
E013;G037;Bijgewoond
E013;G001;Bijgewoond
E013;G164;Afwezig
E013;G276;Geregistreerd
E013;G108;Bijgewoond
E013;G191;Geregistreerd
E013;G077;Bijgewoond
E013;G072;Afwezig
E013;G281;Afwezig
E013;G147;Bijgewoond
E013;G085;Geregistreerd
E013;G244;Geregistreerd
E013;G288;Afwezig
E013;G219;Bijgewoond
E013;G079;Geregistreerd
E013;G061;Geregistreerd
E013;G236;Bijgewoond
E013;G038;Geregistreerd
E013;G280;Afwezig
E013;G250;Geregistreerd
E013;G130;Geregistreerd
E013;G210;Afwezig
E013;G164;Bijgewoond
E013;G039;Geregistreerd
E013;G143;Afwezig
E013;G044;Bijgewoond
E013;G305;Afwezig
E013;G057;Bijgewoond
E013;G214;Afwezig
E013;G268;Bijgewoond
E013;G064;Bijgewoond
E013;G149;Afwezig
E013;G155;Bijgewoond
E013;G070;Afwezig
E013;G035;Geregistreerd
E013;G027;Bijgewoond
E013;G170;Afwezig
E013;G081;Bijgewoond
E013;G016;Geregistreerd
E013;G274;Afwezig
E013;G119;Afwezig
E013;G121;Bijgewoond
E013;G278;Geregistreerd
E013;G117;Afwezig
E013;G216;Geregistreerd
E013;G233;Afwezig
E013;G153;Afwezig
E013;G286;Afwezig
E013;G315;Bijgewoond
E013;G307;Bijgewoond
E013;G215;Afwezig
E013;G308;Geregistreerd
E013;G294;Bijgewoond
E013;G310;Afwezig
E013;G141;Bijgewoond
E013;G193;Bijgewoond
E013;G073;Geregistreerd
E013;G207;Geregistreerd
E013;G316;Afwezig
E013;G291;Afwezig
E013;G020;Geregistreerd
E013;G250;Geregistreerd
E013;G072;Geregistreerd
E013;G268;Bijgewoond
E013;G163;Bijgewoond
E013;G214;Bijgewoond
E013;G235;Bijgewoond
E013;G301;Bijgewoond
E013;G179;Geregistreerd
E013;G013;Afwezig
E013;G110;Bijgewoond
E013;G141;Geregistreerd
E013;G034;Afwezig
E013;G141;Geregistreerd
E013;G162;Geregistreerd
E013;G140;Bijgewoond
E013;G240;Geregistreerd
E013;G103;Afwezig
E013;G042;Bijgewoond
E013;G079;Geregistreerd
E013;G193;Bijgewoond
E013;G249;Bijgewoond
E013;G063;Geregistreerd
E013;G214;Geregistreerd
E013;G273;Afwezig
E013;G099;Geregistreerd
E013;G134;Geregistreerd
E013;G140;Bijgewoond
E014;G148;Bijgewoond
E014;G030;Bijgewoond
E014;G267;Afwezig
E014;G076;Bijgewoond
E014;G298;Bijgewoond
E014;G028;Afwezig
E014;G018;Bijgewoond
E014;G193;Bijgewoond
E014;G033;Afwezig
E014;G279;Geregistreerd
E014;G097;Geregistreerd
E014;G205;Geregistreerd
E014;G195;Afwezig
E014;G006;Bijgewoond
E014;G027;Geregistreerd
E014;G151;Bijgewoond
E014;G079;Bijgewoond
E014;G130;Afwezig
E014;G273;Afwezig
E014;G108;Geregistreerd
E014;G138;Bijgewoond
E014;G197;Afwezig
E014;G040;Geregistreerd
E014;G215;Bijgewoond
E014;G296;Bijgewoond
E014;G188;Geregistreerd
E014;G217;Afwezig
E014;G123;Afwezig
E014;G162;Afwezig
E014;G238;Geregistreerd
E014;G265;Bijgewoond
E014;G037;Afwezig
E014;G176;Geregistreerd
E014;G231;Geregistreerd
E014;G108;Afwezig
E014;G119;Geregistreerd
E014;G194;Bijgewoond
E014;G012;Geregistreerd
E014;G308;Afwezig
E014;G099;Bijgewoond
E014;G016;Bijgewoond
E014;G116;Bijgewoond
E014;G007;Geregistreerd
E014;G187;Geregistreerd
E014;G137;Afwezig
E014;G226;Bijgewoond
E014;G073;Geregistreerd
E014;G172;Afwezig
E014;G248;Geregistreerd
E014;G042;Geregistreerd
E014;G217;Afwezig
E014;G051;Afwezig
E014;G280;Geregistreerd
E014;G029;Geregistreerd
E014;G134;Afwezig
E014;G200;Afwezig
E014;G258;Geregistreerd
E014;G037;Bijgewoond
E014;G115;Bijgewoond
E014;G181;Afwezig
E014;G008;Bijgewoond
E014;G144;Afwezig
E014;G122;Afwezig
E014;G312;Afwezig
E014;G260;Geregistreerd
E014;G189;Geregistreerd
E014;G242;Bijgewoond
E014;G065;Geregistreerd
E014;G148;Afwezig
E014;G293;Afwezig
E014;G182;Afwezig
E014;G038;Afwezig
E014;G251;Bijgewoond
E014;G165;Geregistreerd
E014;G042;Geregistreerd
E014;G315;Bijgewoond
E014;G177;Afwezig
E014;G065;Geregistreerd
E014;G304;Afwezig
E014;G130;Bijgewoond
E014;G016;Bijgewoond
E014;G265;Geregistreerd
E014;G175;Geregistreerd
E014;G158;Bijgewoond
E014;G068;Afwezig
E014;G244;Geregistreerd
E014;G082;Bijgewoond
E014;G102;Geregistreerd
E014;G067;Bijgewoond
E014;G125;Geregistreerd
E014;G205;Bijgewoond
E014;G301;Afwezig
E014;G257;Bijgewoond
E014;G028;Geregistreerd
E014;G041;Geregistreerd
E014;G188;Bijgewoond
E014;G173;Geregistreerd
E015;G301;Bijgewoond
E015;G108;Geregistreerd
E015;G005;Afwezig
E015;G137;Bijgewoond
E015;G004;Geregistreerd
E015;G190;Geregistreerd
E015;G194;Geregistreerd
E015;G061;Bijgewoond
E015;G305;Geregistreerd
E015;G207;Geregistreerd
E015;G017;Afwezig
E015;G271;Afwezig
E015;G307;Afwezig
E015;G106;Geregistreerd
E015;G278;Geregistreerd
E015;G213;Afwezig
E015;G126;Afwezig
E015;G029;Afwezig
E015;G074;Bijgewoond
E015;G055;Geregistreerd
E015;G089;Afwezig
E015;G133;Bijgewoond
E015;G201;Afwezig
E015;G312;Bijgewoond
E015;G318;Bijgewoond
E015;G080;Afwezig
E015;G133;Bijgewoond
E015;G215;Bijgewoond
E015;G224;Afwezig
E015;G259;Bijgewoond
E015;G123;Bijgewoond
E015;G100;Geregistreerd
E015;G071;Bijgewoond
E015;G299;Bijgewoond
E015;G181;Geregistreerd
E015;G239;Geregistreerd
E015;G175;Afwezig
E015;G034;Afwezig
E015;G112;Afwezig
E015;G300;Bijgewoond
E015;G155;Bijgewoond
E015;G082;Bijgewoond
E015;G314;Bijgewoond
E015;G283;Bijgewoond
E015;G027;Geregistreerd
E015;G311;Geregistreerd
E015;G063;Geregistreerd
E015;G196;Geregistreerd
E015;G076;Bijgewoond
E015;G118;Geregistreerd
E015;G143;Afwezig
E015;G092;Bijgewoond
E015;G179;Bijgewoond
E015;G248;Afwezig
E015;G066;Bijgewoond
E015;G138;Bijgewoond
E015;G315;Bijgewoond
E015;G213;Bijgewoond
E015;G288;Bijgewoond
E015;G280;Afwezig
E015;G256;Afwezig
E015;G205;Bijgewoond
E015;G268;Bijgewoond
E015;G001;Bijgewoond
E015;G160;Geregistreerd
E015;G287;Afwezig
E015;G049;Bijgewoond
E015;G189;Bijgewoond
E015;G007;Geregistreerd
E015;G091;Afwezig
E015;G239;Geregistreerd
E015;G192;Geregistreerd
E015;G069;Bijgewoond
E015;G114;Geregistreerd
E015;G092;Afwezig
E015;G055;Afwezig
E015;G092;Bijgewoond
E015;G303;Geregistreerd
E016;G127;Afwezig
E016;G097;Geregistreerd
E016;G158;Afwezig
E016;G014;Afwezig
E016;G228;Afwezig
E016;G065;Afwezig
E016;G075;Afwezig
E016;G064;Geregistreerd
E016;G281;Geregistreerd
E016;G123;Bijgewoond
E016;G085;Geregistreerd
E016;G273;Afwezig
E016;G206;Afwezig
E016;G251;Afwezig
E016;G149;Afwezig
E016;G127;Geregistreerd
E016;G052;Geregistreerd
E016;G066;Bijgewoond
E016;G233;Bijgewoond
E016;G158;Bijgewoond
E016;G023;Geregistreerd
E016;G200;Geregistreerd
E016;G181;Geregistreerd
E016;G151;Bijgewoond
E016;G014;Geregistreerd
E016;G109;Afwezig
E016;G206;Afwezig
E016;G040;Bijgewoond
E016;G055;Bijgewoond
E016;G119;Geregistreerd
E016;G044;Bijgewoond
E016;G211;Geregistreerd
E016;G291;Afwezig
E016;G003;Bijgewoond
E016;G027;Afwezig
E016;G133;Geregistreerd
E016;G078;Bijgewoond
E016;G100;Bijgewoond
E016;G097;Geregistreerd
E016;G272;Geregistreerd
E016;G105;Afwezig
E016;G157;Geregistreerd
E016;G171;Afwezig
E016;G057;Bijgewoond
E016;G052;Bijgewoond
E016;G250;Afwezig
E016;G266;Geregistreerd
E016;G176;Afwezig
E016;G072;Bijgewoond
E016;G070;Bijgewoond
E016;G240;Bijgewoond
E016;G095;Afwezig
E016;G005;Afwezig
E016;G314;Bijgewoond
E016;G200;Afwezig
E016;G135;Afwezig
E016;G024;Afwezig
E016;G011;Geregistreerd
E016;G313;Afwezig
E016;G239;Geregistreerd
E016;G133;Afwezig
E016;G226;Geregistreerd
E016;G018;Afwezig
E016;G253;Bijgewoond
E016;G289;Bijgewoond
E016;G146;Geregistreerd
E016;G143;Afwezig
E016;G142;Geregistreerd
E016;G067;Bijgewoond
E016;G186;Geregistreerd
E016;G081;Afwezig
E016;G083;Geregistreerd
E016;G260;Geregistreerd
E016;G087;Afwezig
E016;G237;Afwezig
E016;G151;Afwezig
E016;G310;Bijgewoond
E016;G097;Afwezig
E016;G240;Afwezig
E016;G170;Bijgewoond
E016;G048;Geregistreerd
E016;G148;Afwezig
E016;G240;Geregistreerd
E016;G192;Geregistreerd
E016;G089;Geregistreerd
E016;G158;Afwezig
E016;G208;Bijgewoond
E016;G083;Bijgewoond
E016;G218;Bijgewoond
E016;G197;Bijgewoond
E016;G173;Geregistreerd
E016;G152;Bijgewoond
E016;G009;Geregistreerd
E016;G019;Bijgewoond
E016;G307;Geregistreerd
E016;G163;Bijgewoond
E017;G130;Bijgewoond
E017;G113;Bijgewoond
E017;G160;Afwezig
E017;G005;Geregistreerd
E017;G141;Geregistreerd
E017;G066;Geregistreerd
E017;G062;Geregistreerd
E017;G119;Bijgewoond
E017;G032;Afwezig
E017;G215;Geregistreerd
E017;G156;Bijgewoond
E017;G142;Geregistreerd
E017;G104;Geregistreerd
E017;G067;Bijgewoond
E017;G106;Bijgewoond
E017;G263;Geregistreerd
E017;G283;Geregistreerd
E017;G061;Bijgewoond
E017;G178;Bijgewoond
E017;G136;Geregistreerd
E017;G045;Geregistreerd
E017;G005;Bijgewoond
E017;G169;Bijgewoond
E017;G146;Afwezig
E017;G109;Afwezig
E017;G241;Bijgewoond
E017;G048;Afwezig
E017;G006;Geregistreerd
E017;G256;Bijgewoond
E017;G161;Geregistreerd
E017;G240;Geregistreerd
E017;G158;Geregistreerd
E017;G196;Geregistreerd
E017;G295;Bijgewoond
E017;G258;Bijgewoond
E017;G040;Afwezig
E017;G156;Bijgewoond
E017;G181;Afwezig
E017;G185;Afwezig
E017;G005;Geregistreerd
E017;G028;Geregistreerd
E017;G026;Afwezig
E017;G297;Bijgewoond
E017;G050;Afwezig
E017;G015;Bijgewoond
E017;G066;Afwezig
E017;G236;Geregistreerd
E017;G290;Afwezig
E017;G170;Geregistreerd
E017;G320;Geregistreerd
E017;G235;Afwezig
E017;G103;Bijgewoond
E017;G130;Geregistreerd
E017;G209;Bijgewoond
E017;G255;Bijgewoond
E017;G065;Geregistreerd
E017;G040;Afwezig
E017;G005;Afwezig
E017;G030;Afwezig
E017;G213;Afwezig
E017;G312;Geregistreerd
E017;G224;Geregistreerd
E017;G302;Afwezig
E017;G190;Afwezig
E017;G081;Bijgewoond
E017;G178;Geregistreerd
E017;G149;Afwezig
E017;G108;Bijgewoond
E017;G114;Bijgewoond
E017;G005;Bijgewoond
E017;G191;Bijgewoond
E017;G002;Afwezig
E017;G268;Afwezig
E017;G239;Geregistreerd
E017;G196;Afwezig
E017;G005;Bijgewoond
E017;G225;Geregistreerd
E017;G097;Afwezig
E017;G052;Afwezig
E017;G209;Geregistreerd
E017;G114;Afwezig
E018;G085;Bijgewoond
E018;G196;Afwezig
E018;G151;Afwezig
E018;G121;Geregistreerd
E018;G185;Bijgewoond
E018;G113;Bijgewoond
E018;G281;Afwezig
E018;G061;Afwezig
E018;G288;Afwezig
E018;G074;Bijgewoond
E018;G099;Bijgewoond
E018;G262;Afwezig
E018;G139;Bijgewoond
E018;G254;Afwezig
E018;G027;Afwezig
E018;G157;Geregistreerd
E018;G219;Geregistreerd
E018;G246;Afwezig
E018;G280;Bijgewoond
E018;G176;Afwezig
E018;G155;Geregistreerd
E018;G112;Geregistreerd
E018;G269;Geregistreerd
E018;G183;Bijgewoond
E018;G145;Afwezig
E018;G077;Afwezig
E018;G282;Geregistreerd
E018;G241;Geregistreerd
E018;G228;Bijgewoond
E018;G268;Afwezig
E018;G145;Geregistreerd
E018;G230;Bijgewoond
E018;G149;Afwezig
E018;G144;Afwezig
E018;G247;Afwezig
E018;G256;Bijgewoond
E018;G320;Afwezig
E018;G138;Geregistreerd
E018;G124;Bijgewoond
E018;G161;Bijgewoond
E018;G059;Afwezig
E018;G220;Geregistreerd
E018;G075;Geregistreerd
E018;G076;Geregistreerd
E018;G233;Geregistreerd
E018;G244;Afwezig
E018;G190;Geregistreerd
E018;G059;Afwezig
E018;G137;Bijgewoond
E018;G011;Geregistreerd
E018;G024;Afwezig
E018;G211;Geregistreerd
E018;G113;Afwezig
E018;G171;Geregistreerd
E018;G095;Geregistreerd
E018;G055;Geregistreerd
E018;G093;Afwezig
E018;G255;Geregistreerd
E018;G183;Bijgewoond
E018;G154;Afwezig
E018;G291;Geregistreerd
E018;G300;Bijgewoond
E018;G052;Geregistreerd
E018;G147;Afwezig
E018;G316;Bijgewoond
E018;G251;Afwezig
E018;G143;Afwezig
E018;G172;Afwezig
E018;G215;Bijgewoond
E018;G119;Afwezig
E018;G247;Afwezig
E018;G251;Geregistreerd
E018;G163;Geregistreerd
E018;G113;Geregistreerd
E018;G081;Afwezig
E018;G144;Geregistreerd
E018;G202;Geregistreerd
E018;G224;Bijgewoond
E018;G218;Geregistreerd
E018;G097;Afwezig
E018;G017;Afwezig
E018;G206;Geregistreerd
E018;G263;Afwezig
E018;G092;Geregistreerd
E018;G258;Geregistreerd
E018;G203;Afwezig
E019;G052;Bijgewoond
E019;G100;Geregistreerd
E019;G259;Bijgewoond
E019;G294;Afwezig
E019;G079;Bijgewoond
E019;G271;Bijgewoond
E019;G075;Bijgewoond
E019;G264;Afwezig
E019;G196;Bijgewoond
E019;G218;Bijgewoond
E019;G273;Geregistreerd
E019;G094;Bijgewoond
E019;G128;Afwezig
E019;G183;Geregistreerd
E019;G180;Bijgewoond
E019;G192;Bijgewoond
E019;G258;Geregistreerd
E019;G313;Geregistreerd
E019;G219;Afwezig
E019;G103;Bijgewoond
E019;G055;Afwezig
E019;G141;Afwezig
E019;G095;Afwezig
E019;G236;Geregistreerd
E019;G139;Geregistreerd
E019;G270;Afwezig
E019;G258;Bijgewoond
E019;G278;Afwezig
E019;G005;Afwezig
E019;G255;Geregistreerd
E019;G087;Bijgewoond
E019;G133;Bijgewoond
E019;G187;Afwezig
E019;G193;Geregistreerd
E019;G038;Afwezig
E019;G239;Bijgewoond
E019;G028;Bijgewoond
E019;G012;Afwezig
E019;G059;Geregistreerd
E019;G112;Bijgewoond
E019;G059;Afwezig
E019;G054;Afwezig
E019;G003;Afwezig
E019;G213;Bijgewoond
E019;G200;Afwezig
E019;G003;Afwezig
E019;G151;Afwezig
E019;G089;Afwezig
E019;G085;Afwezig
E019;G102;Bijgewoond
E019;G233;Afwezig
E019;G111;Afwezig
E019;G051;Bijgewoond
E019;G077;Bijgewoond
E019;G017;Bijgewoond
E019;G134;Geregistreerd
E019;G166;Afwezig
E019;G149;Geregistreerd
E019;G063;Bijgewoond
E019;G280;Afwezig
E019;G298;Afwezig
E019;G200;Bijgewoond
E019;G166;Geregistreerd
E019;G020;Geregistreerd
E019;G017;Bijgewoond
E019;G253;Afwezig
E019;G101;Bijgewoond
E019;G282;Bijgewoond
E019;G100;Afwezig
E019;G071;Geregistreerd
E019;G139;Bijgewoond
E019;G056;Geregistreerd
E019;G129;Geregistreerd
E019;G120;Geregistreerd
E019;G111;Bijgewoond
E019;G290;Geregistreerd
E019;G311;Bijgewoond
E019;G230;Geregistreerd
E019;G021;Geregistreerd
E019;G267;Geregistreerd
E019;G068;Geregistreerd
E019;G056;Geregistreerd
E019;G225;Bijgewoond
E019;G281;Afwezig
E019;G049;Bijgewoond
E019;G076;Bijgewoond
E019;G310;Bijgewoond
E019;G006;Afwezig
E019;G061;Bijgewoond
E019;G291;Geregistreerd
E019;G300;Bijgewoond
E019;G265;Bijgewoond
E019;G219;Bijgewoond
E019;G006;Geregistreerd
E019;G187;Bijgewoond
E019;G058;Geregistreerd
E019;G155;Bijgewoond
E020;G297;Bijgewoond
E020;G266;Afwezig
E020;G001;Afwezig
E020;G069;Bijgewoond
E020;G086;Geregistreerd
E020;G311;Bijgewoond
E020;G304;Afwezig
E020;G097;Geregistreerd
E020;G294;Bijgewoond
E020;G201;Afwezig
E020;G189;Geregistreerd
E020;G006;Bijgewoond
E020;G011;Bijgewoond
E020;G106;Bijgewoond
E020;G187;Afwezig
E020;G217;Afwezig
E020;G262;Bijgewoond
E020;G111;Afwezig
E020;G131;Afwezig
E020;G084;Bijgewoond
E020;G169;Bijgewoond
E020;G179;Bijgewoond
E020;G177;Geregistreerd
E020;G157;Bijgewoond
E020;G311;Afwezig
E020;G110;Bijgewoond
E020;G292;Afwezig
E020;G127;Afwezig
E020;G077;Geregistreerd
E020;G185;Geregistreerd
E020;G229;Bijgewoond
E020;G145;Bijgewoond
E020;G007;Afwezig
E020;G029;Afwezig
E020;G047;Afwezig
E020;G006;Afwezig
E020;G022;Afwezig
E020;G126;Afwezig
E020;G241;Geregistreerd
E020;G232;Bijgewoond
E020;G267;Bijgewoond
E020;G098;Bijgewoond
E020;G192;Geregistreerd
E020;G284;Afwezig
E020;G318;Geregistreerd
E020;G221;Geregistreerd
E020;G015;Afwezig
E020;G233;Geregistreerd
E020;G275;Afwezig
E020;G186;Geregistreerd
E020;G202;Geregistreerd
E020;G288;Bijgewoond
E020;G237;Bijgewoond
E020;G274;Geregistreerd
E020;G023;Afwezig
E020;G039;Afwezig
E020;G125;Bijgewoond
E020;G097;Afwezig
E020;G318;Bijgewoond
E020;G104;Geregistreerd
E020;G258;Geregistreerd
E020;G312;Bijgewoond
E020;G202;Geregistreerd
E020;G269;Bijgewoond
E020;G252;Geregistreerd
E020;G155;Geregistreerd
E020;G306;Geregistreerd
E020;G142;Bijgewoond
E020;G046;Bijgewoond
E020;G090;Geregistreerd
E020;G289;Geregistreerd
E020;G197;Bijgewoond
E020;G032;Bijgewoond
E020;G050;Geregistreerd
E020;G037;Geregistreerd
E020;G153;Bijgewoond
E020;G039;Afwezig
E020;G291;Afwezig
E020;G274;Geregistreerd
E020;G152;Geregistreerd
E020;G292;Afwezig
E020;G019;Geregistreerd
E020;G033;Geregistreerd
E020;G026;Bijgewoond
E020;G041;Geregistreerd
E020;G115;Afwezig
E020;G027;Bijgewoond
E020;G186;Bijgewoond
E020;G175;Bijgewoond
E020;G069;Geregistreerd
E020;G190;Bijgewoond
E020;G148;Afwezig
E020;G228;Afwezig
E020;G121;Afwezig
E020;G011;Geregistreerd
E020;G013;Bijgewoond
E020;G202;Bijgewoond
E020;G115;Bijgewoond
E020;G190;Bijgewoond
E020;G019;Geregistreerd
E020;G191;Bijgewoond
E020;G310;Bijgewoond
E020;G178;Geregistreerd
E020;G092;Afwezig
E020;G020;Afwezig
E020;G029;Geregistreerd
E020;G089;Afwezig
E020;G159;Bijgewoond
E020;G072;Bijgewoond
E020;G276;Geregistreerd
E020;G178;Afwezig
E020;G313;Bijgewoond
E020;G052;Bijgewoond
E020;G151;Geregistreerd
E020;G306;Geregistreerd
E020;G040;Bijgewoond
E020;G041;Geregistreerd
E020;G141;Geregistreerd
E021;G291;Bijgewoond
E021;G099;Afwezig
E021;G226;Geregistreerd
E021;G206;Afwezig
E021;G189;Bijgewoond
E021;G088;Geregistreerd
E021;G132;Geregistreerd
E021;G173;Bijgewoond
E021;G101;Geregistreerd
E021;G043;Geregistreerd
E021;G285;Geregistreerd
E021;G083;Geregistreerd
E021;G108;Geregistreerd
E021;G234;Bijgewoond
E021;G105;Geregistreerd
E021;G040;Afwezig
E021;G065;Afwezig
E021;G118;Bijgewoond
E021;G177;Geregistreerd
E021;G188;Bijgewoond
E021;G136;Geregistreerd
E021;G221;Geregistreerd
E021;G062;Afwezig
E021;G178;Bijgewoond
E021;G005;Afwezig
E021;G219;Bijgewoond
E021;G116;Geregistreerd
E021;G216;Geregistreerd
E021;G115;Bijgewoond
E021;G061;Geregistreerd
E021;G317;Afwezig
E021;G268;Geregistreerd
E021;G161;Geregistreerd
E021;G204;Bijgewoond
E021;G109;Geregistreerd
E021;G195;Bijgewoond
E021;G220;Bijgewoond
E021;G102;Geregistreerd
E021;G203;Bijgewoond
E021;G088;Afwezig
E021;G293;Afwezig
E021;G065;Afwezig
E021;G263;Geregistreerd
E021;G112;Afwezig
E021;G197;Afwezig
E021;G253;Geregistreerd
E021;G088;Bijgewoond
E021;G268;Afwezig
E021;G245;Afwezig
E021;G036;Geregistreerd
E021;G171;Afwezig
E021;G208;Afwezig
E021;G162;Afwezig
E021;G001;Bijgewoond
E021;G266;Geregistreerd
E021;G279;Bijgewoond
E021;G159;Geregistreerd
E021;G291;Afwezig
E021;G239;Bijgewoond
E021;G291;Bijgewoond
E021;G207;Geregistreerd
E021;G044;Geregistreerd
E021;G063;Geregistreerd
E021;G028;Afwezig
E021;G052;Geregistreerd
E021;G235;Afwezig
E021;G156;Afwezig
E021;G105;Bijgewoond
E021;G022;Geregistreerd
E021;G312;Bijgewoond
E021;G238;Bijgewoond
E021;G163;Bijgewoond
E021;G186;Geregistreerd
E021;G264;Bijgewoond
E021;G173;Geregistreerd
E021;G078;Afwezig
E021;G165;Afwezig
E021;G261;Afwezig
E021;G197;Bijgewoond
E021;G039;Afwezig
E021;G233;Afwezig
E021;G288;Geregistreerd
E021;G230;Afwezig
E021;G204;Bijgewoond
E021;G035;Afwezig
E021;G320;Afwezig
E021;G104;Afwezig
E021;G287;Afwezig
E021;G130;Bijgewoond
E021;G228;Geregistreerd
E021;G096;Geregistreerd
E021;G018;Bijgewoond
E021;G304;Geregistreerd
E021;G202;Geregistreerd
E021;G109;Geregistreerd
E021;G218;Geregistreerd
E021;G037;Geregistreerd
E021;G155;Afwezig
E021;G093;Bijgewoond
E021;G191;Bijgewoond
E021;G315;Bijgewoond
E022;G083;Afwezig
E022;G211;Afwezig
E022;G036;Geregistreerd
E022;G115;Bijgewoond
E022;G245;Afwezig
E022;G202;Afwezig
E022;G155;Afwezig
E022;G261;Bijgewoond
E022;G116;Afwezig
E022;G049;Bijgewoond
E022;G304;Afwezig
E022;G167;Afwezig
E022;G300;Geregistreerd
E022;G307;Geregistreerd
E022;G181;Afwezig
E022;G066;Geregistreerd
E022;G186;Geregistreerd
E022;G293;Afwezig
E022;G080;Afwezig
E022;G253;Bijgewoond
E022;G255;Bijgewoond
E022;G262;Afwezig
E022;G102;Geregistreerd
E022;G001;Geregistreerd
E022;G317;Bijgewoond
E022;G130;Bijgewoond
E022;G152;Geregistreerd
E022;G144;Bijgewoond
E022;G080;Geregistreerd
E022;G048;Geregistreerd
E022;G057;Afwezig
E022;G023;Afwezig
E022;G013;Geregistreerd
E022;G057;Geregistreerd
E022;G121;Bijgewoond
E022;G271;Afwezig
E022;G310;Geregistreerd
E022;G162;Afwezig
E022;G067;Bijgewoond
E022;G048;Afwezig
E022;G226;Geregistreerd
E022;G320;Geregistreerd
E022;G110;Bijgewoond
E022;G043;Afwezig
E022;G190;Bijgewoond
E022;G265;Geregistreerd
E022;G013;Bijgewoond
E022;G301;Geregistreerd
E022;G141;Afwezig
E022;G054;Afwezig
E022;G169;Geregistreerd
E022;G048;Geregistreerd
E022;G043;Geregistreerd
E022;G160;Geregistreerd
E022;G036;Afwezig
E022;G016;Geregistreerd
E022;G184;Bijgewoond
E022;G151;Bijgewoond
E022;G088;Bijgewoond
E022;G218;Bijgewoond
E022;G024;Bijgewoond
E022;G291;Geregistreerd
E022;G103;Afwezig
E022;G194;Geregistreerd
E022;G309;Geregistreerd
E022;G129;Bijgewoond
E022;G191;Bijgewoond
E022;G018;Bijgewoond
E022;G014;Geregistreerd
E022;G020;Bijgewoond
E022;G136;Afwezig
E022;G142;Afwezig
E022;G162;Bijgewoond
E022;G065;Geregistreerd
E022;G206;Afwezig
E022;G168;Afwezig
E022;G263;Geregistreerd
E022;G222;Geregistreerd
E022;G086;Geregistreerd
E022;G011;Afwezig
E022;G266;Bijgewoond
E022;G275;Bijgewoond
E022;G118;Geregistreerd
E022;G160;Afwezig
E022;G012;Geregistreerd
E022;G289;Afwezig
E022;G268;Bijgewoond
E022;G130;Geregistreerd
E022;G173;Bijgewoond
E022;G290;Bijgewoond
E022;G264;Afwezig
E022;G061;Afwezig
E022;G105;Afwezig
E022;G226;Bijgewoond
E022;G092;Bijgewoond
E022;G188;Bijgewoond
E022;G204;Geregistreerd
E022;G079;Bijgewoond
E022;G315;Bijgewoond
E022;G076;Geregistreerd
E022;G182;Afwezig
E022;G157;Afwezig
E022;G126;Geregistreerd
E022;G174;Afwezig
E022;G146;Geregistreerd
E022;G310;Geregistreerd
E022;G218;Bijgewoond
E022;G273;Geregistreerd
E022;G041;Afwezig
E023;G204;Afwezig
E023;G301;Bijgewoond
E023;G042;Bijgewoond
E023;G022;Afwezig
E023;G307;Bijgewoond
E023;G076;Geregistreerd
E023;G306;Geregistreerd
E023;G276;Geregistreerd
E023;G310;Afwezig
E023;G271;Bijgewoond
E023;G128;Bijgewoond
E023;G225;Afwezig
E023;G112;Bijgewoond
E023;G055;Afwezig
E023;G170;Geregistreerd
E023;G053;Bijgewoond
E023;G187;Bijgewoond
E023;G229;Geregistreerd
E023;G086;Bijgewoond
E023;G203;Afwezig
E023;G084;Geregistreerd
E023;G166;Afwezig
E023;G094;Afwezig
E023;G084;Geregistreerd
E023;G175;Afwezig
E023;G021;Bijgewoond
E023;G064;Geregistreerd
E023;G205;Afwezig
E023;G244;Afwezig
E023;G028;Bijgewoond
E023;G209;Bijgewoond
E023;G135;Afwezig
E023;G115;Bijgewoond
E023;G213;Bijgewoond
E023;G202;Geregistreerd
E023;G079;Geregistreerd
E023;G040;Bijgewoond
E023;G083;Bijgewoond
E023;G093;Afwezig
E023;G187;Bijgewoond
E023;G184;Bijgewoond
E023;G153;Geregistreerd
E023;G025;Bijgewoond
E023;G088;Afwezig
E023;G046;Bijgewoond
E023;G189;Afwezig
E023;G198;Afwezig
E023;G100;Bijgewoond
E023;G219;Geregistreerd
E023;G267;Geregistreerd
E023;G228;Geregistreerd
E023;G072;Bijgewoond
E023;G101;Afwezig
E023;G156;Bijgewoond
E023;G195;Bijgewoond
E023;G030;Afwezig
E023;G225;Bijgewoond
E023;G279;Afwezig
E023;G218;Geregistreerd
E023;G044;Geregistreerd
E023;G041;Afwezig
E023;G317;Afwezig
E023;G100;Bijgewoond
E023;G145;Afwezig
E023;G145;Geregistreerd
E023;G046;Bijgewoond
E023;G135;Geregistreerd
E023;G209;Afwezig
E023;G232;Afwezig
E023;G043;Afwezig
E023;G083;Afwezig
E023;G244;Afwezig
E023;G272;Bijgewoond
E023;G101;Bijgewoond
E023;G314;Geregistreerd
E023;G080;Bijgewoond
E023;G306;Afwezig
E023;G145;Bijgewoond
E023;G107;Geregistreerd
E024;G267;Afwezig
E024;G047;Afwezig
E024;G082;Geregistreerd
E024;G217;Geregistreerd
E024;G260;Afwezig
E024;G154;Geregistreerd
E024;G133;Bijgewoond
E024;G316;Geregistreerd
E024;G116;Geregistreerd
E024;G257;Afwezig
E024;G011;Geregistreerd
E024;G144;Geregistreerd
E024;G076;Geregistreerd
E024;G171;Geregistreerd
E024;G309;Geregistreerd
E024;G216;Geregistreerd
E024;G007;Afwezig
E024;G023;Afwezig
E024;G209;Afwezig
E024;G077;Bijgewoond
E024;G245;Geregistreerd
E024;G301;Bijgewoond
E024;G221;Geregistreerd
E024;G074;Afwezig
E024;G149;Geregistreerd
E024;G034;Geregistreerd
E024;G143;Geregistreerd
E024;G166;Afwezig
E024;G235;Geregistreerd
E024;G256;Bijgewoond
E024;G258;Geregistreerd
E024;G283;Geregistreerd
E024;G136;Geregistreerd
E024;G285;Bijgewoond
E024;G089;Bijgewoond
E024;G317;Geregistreerd
E024;G275;Bijgewoond
E024;G283;Afwezig
E024;G217;Geregistreerd
E024;G262;Bijgewoond
E024;G115;Geregistreerd
E024;G106;Afwezig
E024;G182;Geregistreerd
E024;G138;Geregistreerd
E024;G243;Afwezig
E024;G291;Afwezig
E024;G117;Afwezig
E024;G180;Bijgewoond
E024;G286;Afwezig
E024;G180;Geregistreerd
E024;G214;Geregistreerd
E024;G315;Afwezig
E024;G305;Bijgewoond
E024;G246;Geregistreerd
E024;G156;Afwezig
E024;G166;Afwezig
E024;G066;Geregistreerd
E024;G225;Bijgewoond
E024;G041;Bijgewoond
E024;G063;Afwezig
E024;G044;Geregistreerd
E024;G143;Afwezig
E024;G095;Geregistreerd
E024;G210;Bijgewoond
E024;G032;Bijgewoond
E024;G262;Afwezig
E024;G055;Afwezig
E024;G298;Afwezig
E024;G196;Afwezig
E024;G040;Geregistreerd
E024;G311;Afwezig
E024;G252;Geregistreerd
E024;G093;Afwezig
E024;G205;Bijgewoond
E024;G160;Geregistreerd
E024;G193;Afwezig
E024;G254;Geregistreerd
E024;G129;Afwezig
E024;G242;Geregistreerd
E024;G241;Bijgewoond
E024;G320;Afwezig
E024;G040;Bijgewoond
E024;G087;Afwezig
E024;G061;Afwezig
E024;G062;Afwezig
E024;G089;Bijgewoond
E024;G060;Afwezig
E024;G191;Bijgewoond
E024;G155;Bijgewoond
E024;G189;Bijgewoond
E024;G197;Bijgewoond
E024;G044;Bijgewoond
E024;G277;Bijgewoond
E024;G243;Bijgewoond
E024;G067;Bijgewoond
E024;G116;Bijgewoond
E025;G155;Bijgewoond
E025;G177;Bijgewoond
E025;G249;Afwezig
E025;G128;Bijgewoond
E025;G042;Geregistreerd
E025;G295;Geregistreerd
E025;G194;Geregistreerd
E025;G288;Geregistreerd
E025;G243;Geregistreerd
E025;G093;Bijgewoond
E025;G063;Geregistreerd
E025;G111;Geregistreerd
E025;G114;Afwezig
E025;G147;Afwezig
E025;G039;Afwezig
E025;G277;Bijgewoond
E025;G252;Geregistreerd
E025;G044;Afwezig
E025;G129;Bijgewoond
E025;G216;Bijgewoond
E025;G311;Bijgewoond
E025;G310;Afwezig
E025;G191;Afwezig
E025;G309;Bijgewoond
E025;G288;Afwezig
E025;G156;Geregistreerd
E025;G113;Geregistreerd
E025;G006;Geregistreerd
E025;G113;Afwezig
E025;G252;Geregistreerd
E025;G011;Bijgewoond
E025;G052;Afwezig
E025;G172;Bijgewoond
E025;G028;Bijgewoond
E025;G040;Geregistreerd
E025;G025;Geregistreerd
E025;G258;Afwezig
E025;G076;Bijgewoond
E025;G155;Afwezig
E025;G172;Afwezig
E025;G059;Bijgewoond
E025;G129;Afwezig
E025;G109;Afwezig
E025;G168;Bijgewoond
E025;G122;Afwezig
E025;G271;Afwezig
E025;G025;Bijgewoond
E025;G166;Geregistreerd
E025;G271;Geregistreerd
E025;G296;Geregistreerd
E025;G096;Bijgewoond
E025;G232;Afwezig
E025;G187;Afwezig
E025;G250;Bijgewoond
E025;G182;Bijgewoond
E025;G094;Geregistreerd
E025;G216;Afwezig
E025;G182;Bijgewoond
E025;G179;Geregistreerd
E025;G242;Bijgewoond
E025;G071;Afwezig
E025;G316;Bijgewoond
E025;G095;Bijgewoond
E025;G060;Afwezig
E025;G215;Bijgewoond
E025;G303;Afwezig
E025;G233;Afwezig
E025;G144;Bijgewoond
E025;G261;Bijgewoond
E025;G105;Geregistreerd
E025;G068;Geregistreerd
E025;G265;Geregistreerd
E025;G257;Geregistreerd
E025;G139;Geregistreerd
E025;G078;Geregistreerd
E025;G285;Geregistreerd
E025;G149;Geregistreerd
E025;G077;Bijgewoond
E025;G157;Bijgewoond
E025;G316;Bijgewoond
E025;G194;Geregistreerd
E025;G188;Bijgewoond
E025;G032;Afwezig
E025;G180;Geregistreerd
E025;G127;Afwezig
E025;G138;Geregistreerd
E025;G184;Afwezig
E025;G073;Geregistreerd
E025;G076;Geregistreerd
E025;G251;Afwezig
E025;G223;Afwezig
E025;G134;Geregistreerd
E025;G217;Afwezig
E025;G102;Geregistreerd
E025;G049;Bijgewoond
E025;G292;Geregistreerd
E025;G196;Afwezig
E025;G217;Bijgewoond
E025;G111;Geregistreerd
E025;G205;Bijgewoond
E025;G137;Bijgewoond
E026;G060;Afwezig
E026;G046;Afwezig
E026;G063;Bijgewoond
E026;G232;Bijgewoond
E026;G249;Geregistreerd
E026;G151;Geregistreerd
E026;G125;Geregistreerd
E026;G012;Afwezig
E026;G090;Geregistreerd
E026;G005;Afwezig
E026;G220;Bijgewoond
E026;G047;Bijgewoond
E026;G230;Bijgewoond
E026;G250;Bijgewoond
E026;G052;Geregistreerd
E026;G102;Afwezig
E026;G067;Bijgewoond
E026;G079;Bijgewoond
E026;G021;Geregistreerd
E026;G091;Afwezig
E026;G132;Bijgewoond
E026;G119;Bijgewoond
E026;G128;Geregistreerd
E026;G117;Bijgewoond
E026;G218;Afwezig
E026;G292;Afwezig
E026;G233;Bijgewoond
E026;G164;Afwezig
E026;G269;Bijgewoond
E026;G006;Bijgewoond
E026;G163;Afwezig
E026;G056;Bijgewoond
E026;G181;Bijgewoond
E026;G192;Afwezig
E026;G310;Geregistreerd
E026;G096;Geregistreerd
E026;G111;Geregistreerd
E026;G285;Bijgewoond
E026;G054;Geregistreerd
E026;G085;Geregistreerd
E026;G151;Geregistreerd
E026;G106;Geregistreerd
E026;G007;Geregistreerd
E026;G302;Afwezig
E026;G156;Bijgewoond
E026;G003;Geregistreerd
E026;G237;Afwezig
E026;G072;Bijgewoond
E026;G244;Geregistreerd
E026;G240;Geregistreerd
E026;G082;Afwezig
E026;G269;Geregistreerd
E026;G099;Geregistreerd
E026;G181;Bijgewoond
E026;G225;Afwezig
E026;G265;Bijgewoond
E026;G216;Bijgewoond
E026;G313;Afwezig
E026;G173;Bijgewoond
E026;G015;Bijgewoond
E026;G199;Bijgewoond
E026;G196;Geregistreerd
E026;G128;Geregistreerd
E026;G122;Geregistreerd
E026;G191;Bijgewoond
E026;G292;Geregistreerd
E026;G272;Afwezig
E026;G253;Bijgewoond
E026;G113;Geregistreerd
E026;G183;Geregistreerd
E026;G114;Afwezig
E026;G044;Afwezig
E026;G054;Bijgewoond
E026;G135;Bijgewoond
E026;G295;Afwezig
E026;G227;Geregistreerd
E026;G185;Bijgewoond
E026;G169;Geregistreerd
E026;G215;Bijgewoond
E026;G301;Afwezig
E026;G008;Geregistreerd
E026;G303;Geregistreerd
E026;G226;Geregistreerd
E026;G292;Afwezig
E026;G133;Bijgewoond
E026;G084;Geregistreerd
E026;G280;Bijgewoond
E026;G206;Afwezig
E026;G199;Afwezig
E026;G274;Afwezig
E026;G274;Bijgewoond
E026;G026;Geregistreerd
E026;G294;Geregistreerd
E027;G204;Afwezig
E027;G320;Bijgewoond
E027;G056;Afwezig
E027;G162;Bijgewoond
E027;G205;Bijgewoond
E027;G109;Bijgewoond
E027;G175;Afwezig
E027;G055;Geregistreerd
E027;G193;Bijgewoond
E027;G068;Bijgewoond
E027;G124;Bijgewoond
E027;G204;Bijgewoond
E027;G276;Bijgewoond
E027;G132;Bijgewoond
E027;G040;Geregistreerd
E027;G241;Bijgewoond
E027;G182;Bijgewoond
E027;G066;Geregistreerd
E027;G243;Afwezig
E027;G144;Geregistreerd
E027;G248;Afwezig
E027;G040;Afwezig
E027;G256;Afwezig
E027;G076;Afwezig
E027;G066;Geregistreerd
E027;G125;Afwezig
E027;G218;Bijgewoond
E027;G031;Bijgewoond
E027;G257;Afwezig
E027;G240;Geregistreerd
E027;G015;Geregistreerd
E027;G243;Bijgewoond
E027;G292;Bijgewoond
E027;G188;Geregistreerd
E027;G050;Geregistreerd
E027;G280;Geregistreerd
E027;G064;Afwezig
E027;G234;Bijgewoond
E027;G046;Geregistreerd
E027;G158;Bijgewoond
E027;G163;Geregistreerd
E027;G105;Afwezig
E027;G113;Geregistreerd
E027;G160;Geregistreerd
E027;G098;Bijgewoond
E027;G164;Afwezig
E027;G217;Afwezig
E027;G261;Afwezig
E027;G140;Bijgewoond
E027;G113;Afwezig
E027;G136;Bijgewoond
E027;G011;Bijgewoond
E027;G255;Bijgewoond
E027;G194;Afwezig
E027;G233;Geregistreerd
E027;G320;Geregistreerd
E027;G306;Bijgewoond
E027;G089;Geregistreerd
E027;G075;Bijgewoond
E027;G194;Geregistreerd
E027;G013;Geregistreerd
E027;G105;Afwezig
E027;G260;Afwezig
E027;G060;Geregistreerd
E027;G212;Afwezig
E027;G233;Bijgewoond
E027;G031;Afwezig
E027;G010;Geregistreerd
E027;G023;Geregistreerd
E027;G115;Afwezig
E027;G284;Geregistreerd
E027;G277;Afwezig
E027;G168;Bijgewoond
E027;G161;Bijgewoond
E027;G063;Bijgewoond
E027;G125;Geregistreerd
E027;G230;Geregistreerd
E027;G151;Geregistreerd
E027;G094;Afwezig
E027;G091;Bijgewoond
E027;G074;Afwezig
E027;G266;Bijgewoond
E027;G250;Afwezig
E027;G071;Afwezig
E027;G134;Bijgewoond
E027;G174;Afwezig
E027;G259;Geregistreerd
E027;G288;Geregistreerd
E027;G165;Afwezig
E027;G257;Afwezig
E027;G293;Afwezig
E027;G068;Afwezig
E027;G163;Geregistreerd
E027;G192;Geregistreerd
E027;G178;Bijgewoond
E027;G240;Bijgewoond
E027;G166;Geregistreerd
E027;G105;Geregistreerd
E027;G052;Afwezig
E027;G001;Afwezig
E027;G274;Bijgewoond
E027;G192;Geregistreerd
E027;G257;Geregistreerd
E028;G252;Bijgewoond
E028;G094;Afwezig
E028;G309;Geregistreerd
E028;G293;Afwezig
E028;G201;Afwezig
E028;G108;Bijgewoond
E028;G064;Geregistreerd
E028;G261;Geregistreerd
E028;G070;Bijgewoond
E028;G202;Geregistreerd
E028;G182;Bijgewoond
E028;G271;Afwezig
E028;G225;Geregistreerd
E028;G184;Bijgewoond
E028;G021;Bijgewoond
E028;G102;Afwezig
E028;G197;Geregistreerd
E028;G051;Afwezig
E028;G304;Geregistreerd
E028;G128;Afwezig
E028;G196;Bijgewoond
E028;G115;Bijgewoond
E028;G113;Geregistreerd
E028;G016;Geregistreerd
E028;G065;Geregistreerd
E028;G029;Bijgewoond
E028;G028;Bijgewoond
E028;G183;Geregistreerd
E028;G174;Bijgewoond
E028;G078;Afwezig
E028;G216;Afwezig
E028;G216;Geregistreerd
E028;G141;Bijgewoond
E028;G053;Geregistreerd
E028;G112;Geregistreerd
E028;G106;Geregistreerd
E028;G204;Bijgewoond
E028;G088;Geregistreerd
E028;G207;Afwezig
E028;G116;Bijgewoond
E028;G236;Bijgewoond
E028;G040;Geregistreerd
E028;G113;Bijgewoond
E028;G205;Geregistreerd
E028;G181;Bijgewoond
E028;G221;Bijgewoond
E028;G056;Geregistreerd
E028;G026;Bijgewoond
E028;G234;Bijgewoond
E028;G127;Afwezig
E028;G126;Bijgewoond
E028;G181;Afwezig
E028;G139;Afwezig
E028;G198;Geregistreerd
E028;G193;Afwezig
E028;G237;Bijgewoond
E028;G050;Geregistreerd
E028;G300;Afwezig
E028;G035;Geregistreerd
E028;G181;Bijgewoond
E028;G270;Geregistreerd
E028;G067;Bijgewoond
E028;G179;Bijgewoond
E028;G300;Afwezig
E028;G122;Afwezig
E028;G059;Bijgewoond
E028;G231;Afwezig
E028;G107;Geregistreerd
E028;G184;Geregistreerd
E028;G266;Bijgewoond
E028;G072;Bijgewoond
E028;G067;Geregistreerd
E028;G011;Bijgewoond
E028;G126;Afwezig
E028;G228;Geregistreerd
E028;G303;Geregistreerd
E028;G184;Geregistreerd
E028;G181;Afwezig
E028;G180;Geregistreerd
E028;G145;Afwezig
E028;G286;Bijgewoond
E028;G050;Geregistreerd
E028;G060;Bijgewoond
E028;G210;Afwezig
E028;G166;Afwezig
E028;G313;Afwezig
E028;G284;Afwezig
E028;G127;Afwezig
E028;G302;Afwezig
E028;G280;Afwezig
E028;G128;Geregistreerd
E028;G070;Geregistreerd
E028;G160;Bijgewoond
E028;G142;Bijgewoond
E028;G218;Afwezig
E028;G155;Geregistreerd
E028;G030;Afwezig
E028;G043;Bijgewoond
E028;G028;Geregistreerd
E028;G258;Afwezig
E028;G066;Bijgewoond
E028;G007;Geregistreerd
E028;G137;Bijgewoond
E028;G229;Afwezig
E028;G221;Afwezig
E028;G235;Bijgewoond
E028;G235;Bijgewoond
E028;G003;Geregistreerd
E028;G237;Geregistreerd
E029;G214;Geregistreerd
E029;G041;Bijgewoond
E029;G052;Afwezig
E029;G185;Afwezig
E029;G198;Afwezig
E029;G281;Bijgewoond
E029;G046;Geregistreerd
E029;G252;Geregistreerd
E029;G060;Afwezig
E029;G203;Geregistreerd
E029;G153;Geregistreerd
E029;G274;Afwezig
E029;G037;Bijgewoond
E029;G140;Geregistreerd
E029;G251;Bijgewoond
E029;G312;Geregistreerd
E029;G058;Geregistreerd
E029;G154;Bijgewoond
E029;G203;Afwezig
E029;G187;Bijgewoond
E029;G221;Bijgewoond
E029;G067;Afwezig
E029;G012;Geregistreerd
E029;G115;Afwezig
E029;G001;Afwezig
E029;G069;Geregistreerd
E029;G312;Bijgewoond
E029;G194;Bijgewoond
E029;G044;Geregistreerd
E029;G164;Afwezig
E029;G236;Geregistreerd
E029;G056;Bijgewoond
E029;G199;Bijgewoond
E029;G050;Afwezig
E029;G250;Geregistreerd
E029;G231;Afwezig
E029;G206;Geregistreerd
E029;G233;Bijgewoond
E029;G091;Geregistreerd
E029;G095;Bijgewoond
E029;G182;Geregistreerd
E029;G002;Bijgewoond
E029;G297;Geregistreerd
E029;G019;Afwezig
E029;G041;Bijgewoond
E029;G263;Afwezig
E029;G053;Afwezig
E029;G311;Afwezig
E029;G303;Geregistreerd
E029;G296;Geregistreerd
E029;G091;Afwezig
E029;G130;Afwezig
E029;G139;Bijgewoond
E029;G179;Geregistreerd
E029;G178;Geregistreerd
E029;G129;Bijgewoond
E029;G288;Geregistreerd
E029;G062;Geregistreerd
E029;G146;Bijgewoond
E029;G193;Afwezig
E029;G003;Bijgewoond
E029;G317;Bijgewoond
E029;G299;Geregistreerd
E029;G117;Geregistreerd
E029;G010;Geregistreerd
E029;G150;Geregistreerd
E029;G267;Bijgewoond
E029;G226;Geregistreerd
E029;G273;Bijgewoond
E029;G240;Geregistreerd
E029;G141;Geregistreerd
E029;G161;Bijgewoond
E029;G228;Bijgewoond
E029;G074;Bijgewoond
E029;G234;Bijgewoond
E029;G287;Bijgewoond
E029;G259;Bijgewoond
E029;G209;Geregistreerd
E029;G013;Afwezig
E029;G225;Bijgewoond
E029;G283;Geregistreerd
E029;G260;Geregistreerd
E029;G096;Geregistreerd
E029;G313;Afwezig
E029;G158;Afwezig
E029;G111;Bijgewoond
E029;G128;Geregistreerd
E029;G145;Afwezig
E029;G146;Geregistreerd
E029;G059;Bijgewoond
E029;G197;Geregistreerd
E029;G074;Geregistreerd
E029;G242;Afwezig
E029;G182;Bijgewoond
E029;G242;Geregistreerd
E029;G312;Geregistreerd
E029;G043;Afwezig
E029;G152;Geregistreerd
E029;G054;Bijgewoond
E029;G308;Afwezig
E029;G154;Afwezig
E029;G171;Bijgewoond
E029;G235;Afwezig
E029;G018;Geregistreerd
E029;G060;Geregistreerd
E029;G223;Bijgewoond
E029;G019;Geregistreerd
E029;G253;Bijgewoond
E030;G072;Geregistreerd
E030;G024;Geregistreerd
E030;G074;Afwezig
E030;G155;Bijgewoond
E030;G015;Bijgewoond
E030;G197;Afwezig
E030;G303;Bijgewoond
E030;G114;Bijgewoond
E030;G201;Bijgewoond
E030;G207;Afwezig
E030;G065;Geregistreerd
E030;G033;Geregistreerd
E030;G154;Afwezig
E030;G319;Afwezig
E030;G312;Bijgewoond
E030;G163;Afwezig
E030;G093;Bijgewoond
E030;G273;Geregistreerd
E030;G074;Bijgewoond
E030;G215;Geregistreerd
E030;G161;Bijgewoond
E030;G274;Bijgewoond
E030;G223;Bijgewoond
E030;G098;Geregistreerd
E030;G176;Bijgewoond
E030;G059;Geregistreerd
E030;G283;Geregistreerd
E030;G023;Bijgewoond
E030;G002;Bijgewoond
E030;G293;Bijgewoond
E030;G093;Geregistreerd
E030;G308;Geregistreerd
E030;G137;Bijgewoond
E030;G197;Afwezig
E030;G002;Afwezig
E030;G041;Bijgewoond
E030;G214;Afwezig
E030;G057;Afwezig
E030;G080;Afwezig
E030;G048;Geregistreerd
E030;G097;Geregistreerd
E030;G124;Afwezig
E030;G138;Afwezig
E030;G289;Bijgewoond
E030;G013;Bijgewoond
E030;G045;Bijgewoond
E030;G135;Afwezig
E030;G115;Afwezig
E030;G308;Geregistreerd
E030;G181;Bijgewoond
E030;G278;Afwezig
E030;G004;Bijgewoond
E030;G048;Afwezig
E030;G141;Afwezig
E030;G102;Afwezig
E030;G063;Bijgewoond
E030;G163;Geregistreerd
E030;G011;Geregistreerd
E030;G299;Geregistreerd
E030;G076;Afwezig
E030;G015;Geregistreerd
E030;G221;Bijgewoond
E030;G253;Geregistreerd
E030;G231;Geregistreerd
E030;G304;Bijgewoond
E030;G074;Geregistreerd
E030;G103;Afwezig
E030;G028;Geregistreerd
E030;G059;Afwezig
E030;G105;Geregistreerd
E030;G141;Afwezig
E030;G198;Afwezig
E030;G016;Bijgewoond
E030;G119;Geregistreerd
E030;G294;Bijgewoond
E030;G083;Geregistreerd
E030;G072;Geregistreerd
E030;G035;Bijgewoond
E030;G274;Bijgewoond
E030;G221;Bijgewoond
E030;G126;Afwezig
E030;G106;Geregistreerd
E030;G133;Geregistreerd
E030;G133;Bijgewoond
E030;G241;Bijgewoond
E030;G023;Geregistreerd
E030;G181;Geregistreerd
E030;G164;Bijgewoond
E030;G015;Geregistreerd
E030;G162;Geregistreerd
E030;G035;Bijgewoond
E030;G260;Bijgewoond
E030;G227;Afwezig
E030;G310;Bijgewoond
E030;G049;Afwezig
E030;G218;Bijgewoond
E030;G031;Geregistreerd
E030;G003;Geregistreerd
E030;G161;Afwezig
E030;G266;Geregistreerd
E030;G288;Geregistreerd
E030;G027;Afwezig
E030;G168;Geregistreerd
E030;G141;Bijgewoond
E030;G246;Geregistreerd
E030;G238;Bijgewoond
E030;G116;Afwezig
E030;G179;Geregistreerd
E030;G268;Bijgewoond
E030;G198;Bijgewoond
E030;G283;Afwezig
E030;G172;Geregistreerd
E030;G096;Afwezig
E030;G295;Geregistreerd
E030;G205;Afwezig
E030;G014;Geregistreerd
E030;G092;Afwezig
E030;G263;Afwezig
E030;G173;Geregistreerd
E030;G314;Bijgewoond
E031;G109;Bijgewoond
E031;G309;Afwezig
E031;G173;Afwezig
E031;G303;Bijgewoond
E031;G145;Bijgewoond
E031;G248;Afwezig
E031;G093;Afwezig
E031;G197;Geregistreerd
E031;G153;Geregistreerd
E031;G296;Geregistreerd
E031;G311;Geregistreerd
E031;G006;Geregistreerd
E031;G283;Bijgewoond
E031;G028;Bijgewoond
E031;G312;Bijgewoond
E031;G044;Geregistreerd
E031;G064;Afwezig
E031;G056;Afwezig
E031;G177;Afwezig
E031;G145;Bijgewoond
E031;G144;Bijgewoond
E031;G127;Afwezig
E031;G206;Afwezig
E031;G170;Afwezig
E031;G186;Geregistreerd
E031;G122;Afwezig
E031;G055;Geregistreerd
E031;G167;Afwezig
E031;G289;Bijgewoond
E031;G189;Geregistreerd
E031;G273;Bijgewoond
E031;G038;Afwezig
E031;G140;Bijgewoond
E031;G208;Bijgewoond
E031;G100;Afwezig
E031;G306;Bijgewoond
E031;G083;Bijgewoond
E031;G039;Afwezig
E031;G072;Afwezig
E031;G054;Afwezig
E031;G109;Afwezig
E031;G036;Bijgewoond
E031;G296;Geregistreerd
E031;G051;Afwezig
E031;G017;Geregistreerd
E031;G115;Bijgewoond
E031;G304;Bijgewoond
E031;G297;Afwezig
E031;G135;Bijgewoond
E031;G016;Geregistreerd
E031;G229;Bijgewoond
E031;G126;Geregistreerd
E031;G155;Bijgewoond
E031;G141;Bijgewoond
E031;G212;Bijgewoond
E031;G067;Geregistreerd
E031;G242;Geregistreerd
E031;G149;Geregistreerd
E031;G183;Geregistreerd
E031;G148;Bijgewoond
E031;G044;Afwezig
E031;G182;Bijgewoond
E031;G249;Afwezig
E031;G201;Geregistreerd
E031;G311;Afwezig
E031;G090;Bijgewoond
E031;G071;Afwezig
E031;G149;Afwezig
E031;G124;Geregistreerd
E031;G280;Bijgewoond
E031;G116;Bijgewoond
E031;G312;Geregistreerd
E031;G061;Bijgewoond
E031;G224;Afwezig
E031;G256;Afwezig
E031;G040;Geregistreerd
E031;G149;Geregistreerd
E031;G169;Bijgewoond
E031;G124;Geregistreerd
E031;G008;Bijgewoond
E031;G108;Geregistreerd
E031;G004;Afwezig
E031;G286;Bijgewoond
E031;G181;Afwezig
E031;G102;Bijgewoond
E031;G143;Geregistreerd
E031;G229;Afwezig
E031;G120;Afwezig
E031;G248;Geregistreerd
E031;G099;Bijgewoond
E031;G079;Bijgewoond
E031;G111;Afwezig
E031;G003;Afwezig
E031;G258;Bijgewoond
E031;G099;Geregistreerd
E031;G236;Afwezig
E031;G195;Afwezig
E031;G248;Bijgewoond
E031;G218;Afwezig
E031;G128;Bijgewoond
E031;G075;Bijgewoond
E031;G125;Afwezig
E031;G095;Bijgewoond
E031;G060;Bijgewoond
E031;G050;Geregistreerd
E032;G007;Bijgewoond
E032;G243;Bijgewoond
E032;G234;Bijgewoond
E032;G275;Bijgewoond
E032;G098;Afwezig
E032;G187;Afwezig
E032;G029;Bijgewoond
E032;G183;Afwezig
E032;G243;Afwezig
E032;G044;Bijgewoond
E032;G194;Afwezig
E032;G316;Geregistreerd
E032;G069;Afwezig
E032;G056;Afwezig
E032;G216;Bijgewoond
E032;G047;Afwezig
E032;G164;Bijgewoond
E032;G242;Bijgewoond
E032;G274;Bijgewoond
E032;G143;Bijgewoond
E032;G314;Geregistreerd
E032;G299;Afwezig
E032;G091;Geregistreerd
E032;G207;Afwezig
E032;G309;Bijgewoond
E032;G072;Geregistreerd
E032;G152;Geregistreerd
E032;G218;Afwezig
E032;G219;Bijgewoond
E032;G275;Afwezig
E032;G031;Geregistreerd
E032;G305;Afwezig
E032;G117;Afwezig
E032;G054;Afwezig
E032;G123;Geregistreerd
E032;G181;Bijgewoond
E032;G192;Geregistreerd
E032;G291;Geregistreerd
E032;G306;Bijgewoond
E032;G235;Bijgewoond
E032;G305;Bijgewoond
E032;G316;Afwezig
E032;G279;Geregistreerd
E032;G207;Geregistreerd
E032;G179;Bijgewoond
E032;G205;Geregistreerd
E032;G164;Geregistreerd
E032;G016;Geregistreerd
E032;G191;Bijgewoond
E032;G169;Bijgewoond
E032;G110;Bijgewoond
E032;G198;Afwezig
E032;G223;Afwezig
E032;G101;Bijgewoond
E032;G026;Bijgewoond
E032;G068;Geregistreerd
E032;G021;Bijgewoond
E032;G036;Afwezig
E032;G253;Geregistreerd
E032;G165;Afwezig
E032;G136;Bijgewoond
E032;G254;Afwezig
E032;G096;Bijgewoond
E032;G266;Afwezig
E032;G052;Afwezig
E032;G319;Geregistreerd
E032;G305;Bijgewoond
E032;G073;Geregistreerd
E032;G101;Bijgewoond
E032;G243;Geregistreerd
E032;G290;Bijgewoond
E032;G055;Geregistreerd
E032;G105;Bijgewoond
E032;G079;Afwezig
E032;G127;Geregistreerd
E032;G054;Bijgewoond
E032;G073;Afwezig
E032;G078;Afwezig
E032;G248;Bijgewoond
E032;G050;Afwezig
E032;G193;Geregistreerd
E032;G030;Bijgewoond
E032;G281;Geregistreerd
E032;G289;Afwezig
E032;G019;Afwezig
E032;G307;Afwezig
E032;G221;Afwezig
E032;G006;Afwezig
E032;G275;Geregistreerd
E032;G040;Bijgewoond
E032;G157;Bijgewoond
E032;G219;Geregistreerd
E032;G013;Bijgewoond
E032;G192;Afwezig
E032;G258;Geregistreerd
E032;G267;Afwezig
E032;G182;Bijgewoond
E032;G266;Bijgewoond
E032;G193;Geregistreerd
E032;G272;Afwezig
E032;G150;Bijgewoond
E032;G113;Afwezig
E032;G218;Afwezig
E032;G108;Geregistreerd
E032;G116;Afwezig
E032;G207;Afwezig
E032;G053;Afwezig
E032;G124;Bijgewoond
E032;G015;Geregistreerd
E032;G089;Geregistreerd
E032;G187;Bijgewoond
E032;G072;Bijgewoond
E032;G223;Afwezig
E032;G204;Afwezig
E032;G233;Afwezig
E032;G145;Afwezig
E032;G125;Bijgewoond
E032;G224;Geregistreerd
E032;G213;Geregistreerd
E033;G217;Bijgewoond
E033;G004;Afwezig
E033;G087;Geregistreerd
E033;G308;Bijgewoond
E033;G062;Geregistreerd
E033;G228;Bijgewoond
E033;G252;Afwezig
E033;G162;Bijgewoond
E033;G147;Bijgewoond
E033;G317;Afwezig
E033;G146;Afwezig
E033;G282;Geregistreerd
E033;G135;Bijgewoond
E033;G209;Geregistreerd
E033;G276;Afwezig
E033;G071;Geregistreerd
E033;G179;Bijgewoond
E033;G195;Afwezig
E033;G170;Afwezig
E033;G068;Bijgewoond
E033;G107;Bijgewoond
E033;G243;Bijgewoond
E033;G200;Afwezig
E033;G316;Afwezig
E033;G196;Bijgewoond
E033;G014;Geregistreerd
E033;G065;Bijgewoond
E033;G055;Geregistreerd
E033;G006;Afwezig
E033;G311;Geregistreerd
E033;G311;Bijgewoond
E033;G168;Geregistreerd
E033;G191;Geregistreerd
E033;G253;Geregistreerd
E033;G205;Geregistreerd
E033;G065;Geregistreerd
E033;G152;Geregistreerd
E033;G263;Afwezig
E033;G053;Bijgewoond
E033;G306;Bijgewoond
E033;G106;Bijgewoond
E033;G287;Bijgewoond
E033;G279;Bijgewoond
E033;G248;Afwezig
E033;G202;Afwezig
E033;G035;Bijgewoond
E033;G090;Geregistreerd
E033;G056;Bijgewoond
E033;G147;Geregistreerd
E033;G178;Geregistreerd
E033;G247;Geregistreerd
E033;G023;Geregistreerd
E033;G228;Geregistreerd
E033;G178;Geregistreerd
E033;G119;Afwezig
E033;G143;Afwezig
E033;G064;Bijgewoond
E033;G246;Afwezig
E033;G297;Geregistreerd
E033;G172;Afwezig
E033;G319;Afwezig
E033;G041;Bijgewoond
E033;G086;Geregistreerd
E033;G269;Geregistreerd
E033;G297;Afwezig
E033;G087;Afwezig
E033;G228;Bijgewoond
E033;G114;Geregistreerd
E033;G050;Bijgewoond
E033;G048;Bijgewoond
E033;G056;Bijgewoond
E033;G107;Bijgewoond
E033;G180;Afwezig
E033;G300;Bijgewoond
E033;G189;Afwezig
E033;G071;Bijgewoond
E033;G110;Bijgewoond
E033;G086;Afwezig
E033;G301;Bijgewoond
E033;G212;Bijgewoond
E033;G302;Bijgewoond
E033;G216;Geregistreerd
E033;G242;Geregistreerd
E033;G216;Geregistreerd
E033;G084;Bijgewoond
E033;G013;Bijgewoond
E033;G141;Bijgewoond
E033;G264;Bijgewoond
E033;G010;Geregistreerd
E034;G309;Afwezig
E034;G074;Bijgewoond
E034;G102;Geregistreerd
E034;G097;Geregistreerd
E034;G165;Afwezig
E034;G120;Afwezig
E034;G179;Geregistreerd
E034;G255;Geregistreerd
E034;G115;Geregistreerd
E034;G050;Bijgewoond
E034;G166;Afwezig
E034;G071;Geregistreerd
E034;G186;Geregistreerd
E034;G050;Afwezig
E034;G208;Geregistreerd
E034;G088;Geregistreerd
E034;G276;Geregistreerd
E034;G122;Bijgewoond
E034;G069;Afwezig
E034;G282;Geregistreerd
E034;G122;Geregistreerd
E034;G220;Bijgewoond
E034;G005;Bijgewoond
E034;G094;Bijgewoond
E034;G300;Geregistreerd
E034;G022;Bijgewoond
E034;G282;Bijgewoond
E034;G269;Bijgewoond
E034;G074;Afwezig
E034;G076;Bijgewoond
E034;G218;Afwezig
E034;G157;Geregistreerd
E034;G191;Bijgewoond
E034;G048;Afwezig
E034;G313;Bijgewoond
E034;G092;Geregistreerd
E034;G067;Bijgewoond
E034;G212;Bijgewoond
E034;G179;Geregistreerd
E034;G008;Afwezig
E034;G017;Bijgewoond
E034;G066;Geregistreerd
E034;G134;Bijgewoond
E034;G196;Geregistreerd
E034;G315;Afwezig
E034;G103;Bijgewoond
E034;G197;Afwezig
E034;G216;Bijgewoond
E034;G055;Geregistreerd
E034;G124;Afwezig
E034;G282;Bijgewoond
E034;G002;Bijgewoond
E034;G095;Afwezig
E034;G314;Bijgewoond
E034;G045;Bijgewoond
E034;G004;Afwezig
E034;G032;Geregistreerd
E034;G316;Afwezig
E034;G055;Geregistreerd
E034;G256;Geregistreerd
E034;G129;Bijgewoond
E034;G283;Bijgewoond
E034;G254;Bijgewoond
E034;G195;Afwezig
E034;G017;Geregistreerd
E034;G030;Afwezig
E034;G266;Afwezig
E034;G186;Afwezig
E034;G165;Afwezig
E034;G260;Bijgewoond
E034;G022;Bijgewoond
E034;G040;Geregistreerd
E034;G293;Afwezig
E034;G016;Geregistreerd
E034;G299;Afwezig
E034;G093;Bijgewoond
E034;G173;Bijgewoond
E034;G248;Afwezig
E034;G201;Bijgewoond
E034;G134;Geregistreerd
E034;G149;Afwezig
E034;G263;Bijgewoond
E034;G074;Geregistreerd
E034;G108;Geregistreerd
E034;G131;Afwezig
E034;G304;Bijgewoond
E034;G085;Afwezig
E034;G311;Geregistreerd
E034;G045;Afwezig
E034;G047;Bijgewoond
E034;G251;Afwezig
E034;G047;Geregistreerd
E034;G172;Bijgewoond
E034;G264;Bijgewoond
E035;G269;Afwezig
E035;G091;Bijgewoond
E035;G103;Bijgewoond
E035;G212;Afwezig
E035;G311;Bijgewoond
E035;G277;Geregistreerd
E035;G199;Geregistreerd
E035;G051;Bijgewoond
E035;G272;Afwezig
E035;G003;Afwezig
E035;G275;Afwezig
E035;G014;Afwezig
E035;G171;Geregistreerd
E035;G283;Geregistreerd
E035;G209;Geregistreerd
E035;G264;Bijgewoond
E035;G174;Geregistreerd
E035;G264;Bijgewoond
E035;G167;Afwezig
E035;G043;Geregistreerd
E035;G096;Afwezig
E035;G302;Geregistreerd
E035;G099;Geregistreerd
E035;G027;Geregistreerd
E035;G283;Bijgewoond
E035;G298;Afwezig
E035;G246;Geregistreerd
E035;G071;Afwezig
E035;G052;Geregistreerd
E035;G007;Geregistreerd
E035;G181;Bijgewoond
E035;G171;Afwezig
E035;G286;Afwezig
E035;G257;Bijgewoond
E035;G111;Geregistreerd
E035;G079;Bijgewoond
E035;G291;Geregistreerd
E035;G132;Afwezig
E035;G179;Afwezig
E035;G020;Geregistreerd
E035;G080;Geregistreerd
E035;G221;Afwezig
E035;G224;Geregistreerd
E035;G172;Bijgewoond
E035;G099;Afwezig
E035;G284;Geregistreerd
E035;G268;Afwezig
E035;G024;Bijgewoond
E035;G216;Geregistreerd
E035;G062;Afwezig
E035;G049;Bijgewoond
E035;G139;Geregistreerd
E035;G109;Geregistreerd
E035;G097;Afwezig
E035;G272;Bijgewoond
E035;G181;Geregistreerd
E035;G251;Afwezig
E035;G132;Afwezig
E035;G293;Bijgewoond
E035;G035;Afwezig
E035;G068;Afwezig
E035;G203;Bijgewoond
E035;G138;Bijgewoond
E035;G009;Geregistreerd
E035;G117;Bijgewoond
E035;G276;Geregistreerd
E035;G076;Afwezig
E035;G135;Bijgewoond
E035;G038;Bijgewoond
E035;G038;Afwezig
E035;G055;Geregistreerd
E035;G073;Bijgewoond
E035;G152;Bijgewoond
E035;G101;Geregistreerd
E035;G078;Geregistreerd
E035;G121;Afwezig
E035;G024;Geregistreerd
E035;G013;Geregistreerd
E035;G092;Bijgewoond
E035;G170;Afwezig
E035;G143;Bijgewoond
E035;G223;Bijgewoond
E035;G098;Afwezig
E035;G062;Bijgewoond
E035;G214;Geregistreerd
E035;G112;Bijgewoond
E035;G060;Bijgewoond
E035;G296;Geregistreerd
E035;G072;Afwezig
E035;G050;Geregistreerd
E035;G118;Bijgewoond
E035;G077;Bijgewoond
E035;G191;Geregistreerd
E036;G273;Bijgewoond
E036;G096;Bijgewoond
E036;G314;Afwezig
E036;G196;Afwezig
E036;G152;Geregistreerd
E036;G234;Afwezig
E036;G092;Bijgewoond
E036;G201;Bijgewoond
E036;G089;Afwezig
E036;G060;Bijgewoond
E036;G275;Bijgewoond
E036;G079;Geregistreerd
E036;G127;Bijgewoond
E036;G157;Bijgewoond
E036;G295;Afwezig
E036;G126;Geregistreerd
E036;G236;Bijgewoond
E036;G182;Afwezig
E036;G080;Bijgewoond
E036;G069;Geregistreerd
E036;G188;Afwezig
E036;G097;Geregistreerd
E036;G061;Geregistreerd
E036;G198;Geregistreerd
E036;G284;Afwezig
E036;G309;Geregistreerd
E036;G149;Afwezig
E036;G078;Afwezig
E036;G260;Afwezig
E036;G310;Geregistreerd
E036;G042;Bijgewoond
E036;G231;Afwezig
E036;G211;Geregistreerd
E036;G091;Afwezig
E036;G084;Geregistreerd
E036;G296;Afwezig
E036;G082;Geregistreerd
E036;G240;Geregistreerd
E036;G301;Afwezig
E036;G003;Geregistreerd
E036;G241;Bijgewoond
E036;G163;Afwezig
E036;G237;Afwezig
E036;G222;Bijgewoond
E036;G123;Bijgewoond
E036;G172;Geregistreerd
E036;G141;Bijgewoond
E036;G233;Geregistreerd
E036;G227;Bijgewoond
E036;G125;Geregistreerd
E036;G074;Geregistreerd
E036;G050;Afwezig
E036;G228;Bijgewoond
E036;G192;Bijgewoond
E036;G121;Afwezig
E036;G054;Afwezig
E036;G128;Geregistreerd
E036;G246;Bijgewoond
E036;G254;Afwezig
E036;G054;Geregistreerd
E036;G148;Geregistreerd
E036;G158;Geregistreerd
E036;G167;Afwezig
E036;G014;Bijgewoond
E036;G138;Geregistreerd
E036;G161;Geregistreerd
E036;G042;Afwezig
E036;G092;Geregistreerd
E036;G161;Afwezig
E036;G085;Bijgewoond
E036;G106;Bijgewoond
E036;G071;Bijgewoond
E036;G301;Geregistreerd
E036;G148;Bijgewoond
E036;G138;Geregistreerd
E036;G194;Geregistreerd
E036;G251;Geregistreerd
E036;G063;Afwezig
E036;G223;Geregistreerd
E036;G119;Geregistreerd
E036;G018;Geregistreerd
E036;G233;Afwezig
E036;G312;Geregistreerd
E036;G301;Afwezig
E036;G130;Bijgewoond
E036;G242;Geregistreerd
E036;G218;Bijgewoond
E036;G076;Afwezig
E036;G206;Afwezig
E037;G004;Geregistreerd
E037;G057;Geregistreerd
E037;G249;Afwezig
E037;G244;Afwezig
E037;G133;Afwezig
E037;G064;Afwezig
E037;G027;Afwezig
E037;G296;Afwezig
E037;G295;Afwezig
E037;G087;Bijgewoond
E037;G301;Geregistreerd
E037;G202;Afwezig
E037;G266;Afwezig
E037;G229;Afwezig
E037;G196;Afwezig
E037;G057;Bijgewoond
E037;G051;Afwezig
E037;G240;Afwezig
E037;G246;Bijgewoond
E037;G008;Geregistreerd
E037;G149;Afwezig
E037;G002;Geregistreerd
E037;G061;Afwezig
E037;G205;Geregistreerd
E037;G057;Geregistreerd
E037;G220;Bijgewoond
E037;G118;Bijgewoond
E037;G099;Bijgewoond
E037;G252;Geregistreerd
E037;G200;Geregistreerd
E037;G282;Geregistreerd
E037;G132;Bijgewoond
E037;G105;Afwezig
E037;G076;Afwezig
E037;G211;Afwezig
E037;G233;Geregistreerd
E037;G310;Bijgewoond
E037;G283;Afwezig
E037;G100;Afwezig
E037;G318;Bijgewoond
E037;G222;Afwezig
E037;G217;Afwezig
E037;G130;Bijgewoond
E037;G181;Geregistreerd
E037;G149;Geregistreerd
E037;G059;Geregistreerd
E037;G017;Afwezig
E037;G009;Afwezig
E037;G213;Afwezig
E037;G062;Bijgewoond
E037;G124;Geregistreerd
E037;G251;Geregistreerd
E037;G250;Afwezig
E037;G259;Afwezig
E037;G236;Bijgewoond
E037;G136;Bijgewoond
E037;G148;Bijgewoond
E037;G098;Afwezig
E037;G148;Afwezig
E037;G258;Geregistreerd
E037;G121;Bijgewoond
E037;G064;Geregistreerd
E037;G062;Afwezig
E037;G295;Afwezig
E037;G038;Geregistreerd
E037;G285;Geregistreerd
E037;G174;Afwezig
E037;G139;Bijgewoond
E037;G223;Afwezig
E037;G226;Geregistreerd
E037;G066;Bijgewoond
E037;G059;Geregistreerd
E037;G177;Geregistreerd
E037;G125;Afwezig
E037;G119;Geregistreerd
E037;G147;Bijgewoond
E037;G295;Geregistreerd
E037;G102;Geregistreerd
E037;G141;Geregistreerd
E037;G057;Afwezig
E037;G152;Bijgewoond
E037;G229;Afwezig
E037;G127;Bijgewoond
E037;G204;Bijgewoond
E037;G106;Geregistreerd
E037;G150;Afwezig
E037;G160;Geregistreerd
E037;G243;Afwezig
E037;G280;Geregistreerd
E037;G050;Afwezig
E037;G009;Geregistreerd
E037;G087;Afwezig
E037;G137;Afwezig
E037;G143;Afwezig
E037;G297;Afwezig
E037;G231;Geregistreerd
E037;G263;Afwezig
E037;G071;Afwezig
E037;G183;Afwezig
E037;G093;Afwezig
E038;G088;Bijgewoond
E038;G247;Afwezig
E038;G083;Bijgewoond
E038;G309;Afwezig
E038;G154;Afwezig
E038;G302;Geregistreerd
E038;G041;Afwezig
E038;G218;Bijgewoond
E038;G004;Afwezig
E038;G254;Afwezig
E038;G264;Bijgewoond
E038;G005;Afwezig
E038;G080;Bijgewoond
E038;G220;Afwezig
E038;G020;Bijgewoond
E038;G057;Geregistreerd
E038;G274;Geregistreerd
E038;G099;Geregistreerd
E038;G126;Afwezig
E038;G055;Geregistreerd
E038;G011;Afwezig
E038;G252;Afwezig
E038;G310;Afwezig
E038;G054;Geregistreerd
E038;G074;Geregistreerd
E038;G283;Bijgewoond
E038;G245;Afwezig
E038;G081;Bijgewoond
E038;G113;Geregistreerd
E038;G095;Bijgewoond
E038;G104;Bijgewoond
E038;G257;Geregistreerd
E038;G263;Bijgewoond
E038;G043;Afwezig
E038;G102;Afwezig
E038;G308;Bijgewoond
E038;G009;Bijgewoond
E038;G091;Afwezig
E038;G298;Afwezig
E038;G180;Afwezig
E038;G316;Bijgewoond
E038;G073;Afwezig
E038;G212;Bijgewoond
E038;G231;Geregistreerd
E038;G178;Afwezig
E038;G012;Geregistreerd
E038;G033;Afwezig
E038;G093;Afwezig
E038;G166;Afwezig
E038;G314;Afwezig
E038;G317;Geregistreerd
E038;G006;Geregistreerd
E038;G057;Afwezig
E038;G229;Geregistreerd
E038;G271;Afwezig
E038;G161;Bijgewoond
E038;G049;Bijgewoond
E038;G086;Bijgewoond
E038;G088;Bijgewoond
E038;G076;Bijgewoond
E038;G284;Bijgewoond
E038;G263;Afwezig
E038;G280;Geregistreerd
E038;G314;Bijgewoond
E038;G149;Geregistreerd
E038;G252;Geregistreerd
E038;G018;Bijgewoond
E038;G242;Bijgewoond
E038;G169;Geregistreerd
E038;G037;Geregistreerd
E038;G199;Afwezig
E038;G226;Geregistreerd
E038;G254;Afwezig
E038;G284;Geregistreerd
E038;G105;Afwezig
E038;G037;Afwezig
E038;G276;Geregistreerd
E038;G221;Geregistreerd
E038;G199;Bijgewoond
E038;G025;Bijgewoond
E038;G051;Afwezig
E038;G219;Bijgewoond
E038;G091;Geregistreerd
E038;G026;Geregistreerd
E038;G007;Bijgewoond
E038;G155;Bijgewoond
E038;G242;Geregistreerd
E038;G191;Afwezig
E038;G296;Bijgewoond
E038;G043;Bijgewoond
E038;G211;Bijgewoond
E038;G218;Bijgewoond
E038;G276;Bijgewoond
E038;G287;Afwezig
E038;G092;Bijgewoond
E038;G289;Geregistreerd
E038;G166;Afwezig
E038;G270;Geregistreerd
E038;G140;Geregistreerd
E038;G032;Geregistreerd
E038;G290;Bijgewoond
E038;G247;Geregistreerd
E038;G204;Bijgewoond
E038;G130;Geregistreerd
E038;G096;Bijgewoond
E039;G050;Bijgewoond
E039;G245;Geregistreerd
E039;G032;Bijgewoond
E039;G193;Geregistreerd
E039;G144;Afwezig
E039;G264;Geregistreerd
E039;G164;Bijgewoond
E039;G276;Bijgewoond
E039;G236;Afwezig
E039;G141;Geregistreerd
E039;G116;Bijgewoond
E039;G150;Bijgewoond
E039;G112;Afwezig
E039;G161;Afwezig
E039;G066;Afwezig
E039;G184;Afwezig
E039;G157;Geregistreerd
E039;G182;Bijgewoond
E039;G218;Bijgewoond
E039;G269;Afwezig
E039;G090;Geregistreerd
E039;G003;Bijgewoond
E039;G246;Bijgewoond
E039;G303;Bijgewoond
E039;G027;Afwezig
E039;G109;Geregistreerd
E039;G254;Geregistreerd
E039;G263;Geregistreerd
E039;G261;Geregistreerd
E039;G053;Afwezig
E039;G058;Geregistreerd
E039;G083;Bijgewoond
E039;G153;Bijgewoond
E039;G040;Afwezig
E039;G297;Geregistreerd
E039;G194;Afwezig
E039;G228;Geregistreerd
E039;G308;Geregistreerd
E039;G293;Afwezig
E039;G252;Bijgewoond
E039;G144;Afwezig
E039;G151;Bijgewoond
E039;G038;Afwezig
E039;G270;Afwezig
E039;G217;Bijgewoond
E039;G201;Geregistreerd
E039;G123;Bijgewoond
E039;G086;Geregistreerd
E039;G056;Geregistreerd
E039;G222;Geregistreerd
E039;G001;Bijgewoond
E039;G205;Bijgewoond
E039;G224;Geregistreerd
E039;G239;Afwezig
E039;G216;Afwezig
E039;G238;Geregistreerd
E039;G022;Bijgewoond
E039;G174;Afwezig
E039;G260;Afwezig
E039;G271;Bijgewoond
E039;G219;Bijgewoond
E039;G032;Bijgewoond
E039;G065;Bijgewoond
E039;G302;Bijgewoond
E039;G155;Bijgewoond
E039;G090;Afwezig
E039;G109;Afwezig
E039;G228;Bijgewoond
E039;G068;Afwezig
E039;G175;Bijgewoond
E039;G014;Geregistreerd
E039;G020;Bijgewoond
E039;G098;Geregistreerd
E039;G102;Bijgewoond
E039;G249;Geregistreerd
E039;G167;Afwezig
E039;G170;Geregistreerd
E039;G011;Bijgewoond
E039;G136;Geregistreerd
E039;G245;Geregistreerd
E039;G253;Bijgewoond
E039;G003;Bijgewoond
E039;G316;Bijgewoond
E039;G171;Geregistreerd
E039;G163;Geregistreerd
E039;G210;Geregistreerd
E039;G092;Bijgewoond
E039;G136;Afwezig
E039;G260;Bijgewoond
E039;G085;Geregistreerd
E039;G307;Afwezig
E039;G109;Bijgewoond
E039;G199;Bijgewoond
E039;G133;Bijgewoond
E039;G133;Afwezig
E039;G153;Afwezig
E039;G168;Afwezig
E039;G012;Afwezig
E039;G033;Bijgewoond
E040;G138;Bijgewoond
E040;G016;Afwezig
E040;G300;Bijgewoond
E040;G052;Bijgewoond
E040;G002;Bijgewoond
E040;G317;Geregistreerd
E040;G017;Afwezig
E040;G034;Afwezig
E040;G001;Bijgewoond
E040;G256;Bijgewoond
E040;G108;Bijgewoond
E040;G156;Bijgewoond
E040;G053;Bijgewoond
E040;G219;Geregistreerd
E040;G027;Bijgewoond
E040;G061;Afwezig
E040;G294;Afwezig
E040;G215;Afwezig
E040;G046;Bijgewoond
E040;G049;Afwezig
E040;G304;Afwezig
E040;G048;Bijgewoond
E040;G061;Bijgewoond
E040;G238;Geregistreerd
E040;G102;Geregistreerd
E040;G223;Afwezig
E040;G317;Bijgewoond
E040;G010;Geregistreerd
E040;G173;Geregistreerd
E040;G039;Bijgewoond
E040;G032;Geregistreerd
E040;G150;Bijgewoond
E040;G274;Bijgewoond
E040;G228;Geregistreerd
E040;G279;Geregistreerd
E040;G262;Bijgewoond
E040;G272;Bijgewoond
E040;G245;Afwezig
E040;G143;Afwezig
E040;G212;Afwezig
E040;G186;Afwezig
E040;G073;Afwezig
E040;G203;Bijgewoond
E040;G204;Geregistreerd
E040;G183;Afwezig
E040;G301;Afwezig
E040;G008;Afwezig
E040;G237;Bijgewoond
E040;G110;Bijgewoond
E040;G201;Afwezig
E040;G092;Geregistreerd
E040;G143;Geregistreerd
E040;G312;Afwezig
E040;G202;Geregistreerd
E040;G286;Afwezig
E040;G107;Afwezig
E040;G296;Afwezig
E040;G232;Afwezig
E040;G021;Bijgewoond
E040;G221;Geregistreerd
E040;G103;Bijgewoond
E040;G014;Bijgewoond
E040;G247;Geregistreerd
E040;G015;Geregistreerd
E040;G302;Bijgewoond
E040;G185;Afwezig
E040;G292;Afwezig
E040;G041;Bijgewoond
E040;G214;Bijgewoond
E040;G245;Afwezig
E040;G189;Bijgewoond
E040;G067;Bijgewoond
E040;G164;Bijgewoond
E040;G278;Geregistreerd
E040;G134;Afwezig
E040;G008;Geregistreerd
E040;G144;Bijgewoond
E040;G310;Afwezig
E040;G118;Afwezig
E040;G259;Afwezig
E040;G043;Bijgewoond
E040;G307;Afwezig
E040;G041;Geregistreerd
E040;G299;Afwezig
E040;G015;Afwezig
E040;G212;Bijgewoond
E040;G118;Geregistreerd
E040;G038;Afwezig
E040;G008;Bijgewoond
E040;G201;Afwezig
E040;G100;Bijgewoond
E040;G248;Geregistreerd
E040;G078;Geregistreerd
E040;G121;Geregistreerd
E040;G170;Afwezig
E040;G049;Bijgewoond
E040;G141;Bijgewoond
E040;G262;Geregistreerd
E040;G108;Bijgewoond
E040;G176;Geregistreerd
E040;G238;Geregistreerd
E040;G121;Geregistreerd
E040;G043;Bijgewoond
E040;G164;Bijgewoond
E040;G177;Bijgewoond
